barcode,product_name,brand,quantity,serving_size,categories,ingredients_text,allergens,diet_category,energyKcal,protein,carbohydrates,sugar,fat,saturatedFat,transFat,fiber,sodium,raw_json,created_at,updated_at
8901000000001,Alu Bhujia,Haldiram's,150g,30g,Snacks,"Potato, Edible Vegetable Oil, Gram Flour, Moth Flour, Salt, Spices",None,Veg,560.0,9.0,42.0,2.0,38.0,12.0,0.0,4.0,800.0,"{""barcode"": ""8901000000001"", ""product_name"": ""Alu Bhujia"", ""brand"": ""Haldiram's"", ""quantity"": ""150g"", ""serving_size"": ""30g"", ""categories"": ""Snacks"", ""ingredients_text"": ""Potato, Edible Vegetable Oil, Gram Flour, Moth Flour, Salt, Spices"", ""allergens"": ""None"", ""diet_category"": ""Veg"", ""energyKcal"": 560.0, ""protein"": 9.0, ""carbohydrates"": 42.0, ""sugar"": 2.0, ""fat"": 38.0, ""saturatedFat"": 12.0, ""transFat"": 0.0, ""fiber"": 4.0, ""sodium"": 800.0}",2026-10-05T17:25:12,2026-10-05T17:25:12
8901000000002,Sev Bhujia,Haldiram's,150g,30g,Snacks,"Gram Flour, Edible Vegetable Oil, Salt, Red Chilli Powder, Black Pepper",None,Veg,550.0,10.0,40.0,1.0,36.0,11.0,0.0,4.5,850.0,"{""barcode"": ""8901000000002"", ""product_name"": ""Sev Bhujia"", ""brand"": ""Haldiram's"", ""quantity"": ""150g"", ""serving_size"": ""30g"", ""categories"": ""Snacks"", ""ingredients_text"": ""Gram Flour, Edible Vegetable Oil, Salt, Red Chilli Powder, Black Pepper"", ""allergens"": ""None"", ""diet_category"": ""Veg"", ""energyKcal"": 550.0, ""protein"": 10.0, ""carbohydrates"": 40.0, ""sugar"": 1.0, ""fat"": 36.0, ""saturatedFat"": 11.0, ""transFat"": 0.0, ""fiber"": 4.5, ""sodium"": 850.0}",2026-10-05T17:25:12,2026-10-05T17:25:12
8901000000003,Moong Dal,Haldiram's,200g,35g,Snacks,"Moong Dal (Peeled Split Mung Bean), Edible Vegetable Oil, Salt",None,Veg,470.0,20.0,52.0,0.5,20.0,6.0,0.0,6.0,650.0,"{""barcode"": ""8901000000003"", ""product_name"": ""Moong Dal"", ""brand"": ""Haldiram's"", ""quantity"": ""200g"", ""serving_size"": ""35g"", ""categories"": ""Snacks"", ""ingredients_text"": ""Moong Dal (Peeled Split Mung Bean), Edible Vegetable Oil, Salt"", ""allergens"": ""None"", ""diet_category"": ""Veg"", ""energyKcal"": 470.0, ""protein"": 20.0, ""carbohydrates"": 52.0, ""sugar"": 0.5, ""fat"": 20.0, ""saturatedFat"": 6.0, ""transFat"": 0.0, ""fiber"": 6.0, ""sodium"": 650.0}",2026-10-05T17:25:12,2026-10-05T17:25:12
8901000000004,Khatta Meetha,Haldiram's,200g,30g,Snacks,"Gram Flour, Vegetable Oil, Puffed Rice, Peanuts, Sugar, Salt, Citric Acid",Peanuts,Veg,510.0,8.5,58.0,14.0,26.0,8.0,0.0,3.0,550.0,"{""barcode"": ""8901000000004"", ""product_name"": ""Khatta Meetha"", ""brand"": ""Haldiram's"", ""quantity"": ""200g"", ""serving_size"": ""30g"", ""categories"": ""Snacks"", ""ingredients_text"": ""Gram Flour, Vegetable Oil, Puffed Rice, Peanuts, Sugar, Salt, Citric Acid"", ""allergens"": ""Peanuts"", ""diet_category"": ""Veg"", ""energyKcal"": 510.0, ""protein"": 8.5, ""carbohydrates"": 58.0, ""sugar"": 14.0, ""fat"": 26.0, ""saturatedFat"": 8.0, ""transFat"": 0.0, ""fiber"": 3.0, ""sodium"": 550.0}",2026-10-05T17:25:12,2026-10-05T17:25:12
8901000000005,Soan Papdi,Haldiram's,250g,30g,Sweets,"Sugar, Refined Palmolein Oil, Bengal Gram Flour, Wheat Flour, Cardamom","Wheat, Gluten, Nuts",Veg,490.0,5.0,65.0,48.0,24.0,15.0,0.0,1.5,50.0,"{""barcode"": ""8901000000005"", ""product_name"": ""Soan Papdi"", ""brand"": ""Haldiram's"", ""quantity"": ""250g"", ""serving_size"": ""30g"", ""categories"": ""Sweets"", ""ingredients_text"": ""Sugar, Refined Palmolein Oil, Bengal Gram Flour, Wheat Flour, Cardamom"", ""allergens"": ""Wheat, Gluten, Nuts"", ""diet_category"": ""Veg"", ""energyKcal"": 490.0, ""protein"": 5.0, ""carbohydrates"": 65.0, ""sugar"": 48.0, ""fat"": 24.0, ""saturatedFat"": 15.0, ""transFat"": 0.0, ""fiber"": 1.5, ""sodium"": 50.0}",2026-10-05T17:25:12,2026-10-05T17:25:12
8901000000006,Magic Masala Chips,Lay's,50g,30g,Snacks,"Potato, Edible Vegetable Oil, Spices, Condiments, Salt, Onion Powder, Garlic Powder",None,Veg,540.0,7.0,53.0,3.0,33.0,13.0,0.0,3.8,750.0,"{""barcode"": ""8901000000006"", ""product_name"": ""Magic Masala Chips"", ""brand"": ""Lay's"", ""quantity"": ""50g"", ""serving_size"": ""30g"", ""categories"": ""Snacks"", ""ingredients_text"": ""Potato, Edible Vegetable Oil, Spices, Condiments, Salt, Onion Powder, Garlic Powder"", ""allergens"": ""None"", ""diet_category"": ""Veg"", ""energyKcal"": 540.0, ""protein"": 7.0, ""carbohydrates"": 53.0, ""sugar"": 3.0, ""fat"": 33.0, ""saturatedFat"": 13.0, ""transFat"": 0.0, ""fiber"": 3.8, ""sodium"": 750.0}",2026-10-05T17:25:12,2026-10-05T17:25:12
8901000000007,American Style Cream & Onion Chips,Lay's,50g,30g,Snacks,"Potato, Edible Vegetable Oil, Sugar, Milk Solids, Salt, Onion Powder",Milk Dairy,Veg,544.0,6.8,52.5,2.8,34.0,13.5,0.0,3.5,720.0,"{""barcode"": ""8901000000007"", ""product_name"": ""American Style Cream & Onion Chips"", ""brand"": ""Lay's"", ""quantity"": ""50g"", ""serving_size"": ""30g"", ""categories"": ""Snacks"", ""ingredients_text"": ""Potato, Edible Vegetable Oil, Sugar, Milk Solids, Salt, Onion Powder"", ""allergens"": ""Milk Dairy"", ""diet_category"": ""Veg"", ""energyKcal"": 544.0, ""protein"": 6.8, ""carbohydrates"": 52.5, ""sugar"": 2.8, ""fat"": 34.0, ""saturatedFat"": 13.5, ""transFat"": 0.0, ""fiber"": 3.5, ""sodium"": 720.0}",2026-10-05T17:25:12,2026-10-05T17:25:12
8901000000008,Masala Munch,Kurkure,90g,30g,Snacks,"Rice Meal, Corn Meal, Gram Meal, Edible Vegetable Oil, Spices, Condiments, Salt",None,Veg,558.0,6.3,56.1,2.0,34.3,15.0,0.0,2.0,880.0,"{""barcode"": ""8901000000008"", ""product_name"": ""Masala Munch"", ""brand"": ""Kurkure"", ""quantity"": ""90g"", ""serving_size"": ""30g"", ""categories"": ""Snacks"", ""ingredients_text"": ""Rice Meal, Corn Meal, Gram Meal, Edible Vegetable Oil, Spices, Condiments, Salt"", ""allergens"": ""None"", ""diet_category"": ""Veg"", ""energyKcal"": 558.0, ""protein"": 6.3, ""carbohydrates"": 56.1, ""sugar"": 2.0, ""fat"": 34.3, ""saturatedFat"": 15.0, ""transFat"": 0.0, ""fiber"": 2.0, ""sodium"": 880.0}",2026-10-05T17:25:12,2026-10-05T17:25:12
890100000009,Green Chutney Style,Kurkure,90g,30g,Snacks,"Rice Meal, Corn Meal, Edible Oil, Spices, Mint Powder, Coriander Powder, Salt",None,Veg,550.0,6.5,57.0,2.5,33.0,14.5,0.0,2.1,860.0,"{""barcode"": ""8901000000009"", ""product_name"": ""Green Chutney Style"", ""brand"": ""Kurkure"", ""quantity"": ""90g"", ""serving_size"": ""30g"", ""categories"": ""Snacks"", ""ingredients_text"": ""Rice Meal, Corn Meal, Edible Oil, Spices, Mint Powder, Coriander Powder, Salt"", ""allergens"": ""None"", ""diet_category"": ""Veg"", ""energyKcal"": 550.0, ""protein"": 6.5, ""carbohydrates"": 57.0, ""sugar"": 2.5, ""fat"": 33.0, ""saturatedFat"": 14.5, ""transFat"": 0.0, ""fiber"": 2.1, ""sodium"": 860.0}",2026-10-05T17:25:12,2026-10-05T17:25:12
8901000000010,2-Minute Masala Noodles,Maggi,70g,70g,Instant Foods,"Wheat Flour, Palm Oil, Salt, Wheat Gluten, Spice Mix (Coriander, Turmeric, Cumin)","Wheat, Gluten, Soy",Veg,427.0,8.0,63.5,1.2,15.7,6.9,0.0,3.6,1050.0,"{""barcode"": ""8901000000010"", ""product_name"": ""2-Minute Masala Noodles"", ""brand"": ""Maggi"", ""quantity"": ""70g"", ""serving_size"": ""70g"", ""categories"": ""Instant Foods"", ""ingredients_text"": ""Wheat Flour, Palm Oil, Salt, Wheat Gluten, Spice Mix (Coriander, Turmeric, Cumin)"", ""allergens"": ""Wheat, Gluten, Soy"", ""diet_category"": ""Veg"", ""energyKcal"": 427.0, ""protein"": 8.0, ""carbohydrates"": 63.5, ""sugar"": 1.2, ""fat"": 15.7, ""saturatedFat"": 6.9, ""transFat"": 0.0, ""fiber"": 3.6, ""sodium"": 1050.0}",2026-10-05T17:25:12,2026-10-05T17:25:12
8901000000011,Pasteurised Butter,Amul,100g,10g,Dairy,"Butter fat, Common Salt, Permitted Natural Colour",Milk Dairy,Veg,722.0,0.6,0.0,0.0,80.0,51.0,3.0,0.0,0.0,"{""barcode"": ""8901000000011"", ""product_name"": ""Pasteurised Butter"", ""brand"": ""Amul"", ""quantity"": ""100g"", ""serving_size"": ""10g"", ""categories"": ""Dairy"", ""ingredients_text"": ""Butter fat, Common Salt, Permitted Natural Colour"", ""allergens"": ""Milk Dairy"", ""diet_category"": ""Veg"", ""energyKcal"": 722.0, ""protein"": 0.6, ""carbohydrates"": 0.0, ""sugar"": 0.0, ""fat"": 80.0, ""saturatedFat"": 51.0, ""transFat"": 3.0, ""fiber"": 0.0, ""sodium"": 0.0}",2026-10-05T17:25:12,2026-10-05T17:25:12
8901000000012,Pure Ghee,Amul,1L,15ml,Dairy,Milk Fat,Milk Dairy,Veg,897.0,0.0,0.0,0.0,99.7,68.0,3.5,0.0,0.0,"{""barcode"": ""8901000000012"", ""product_name"": ""Pure Ghee"", ""brand"": ""Amul"", ""quantity"": ""1L"", ""serving_size"": ""15ml"", ""categories"": ""Dairy"", ""ingredients_text"": ""Milk Fat"", ""allergens"": ""Milk Dairy"", ""diet_category"": ""Veg"", ""energyKcal"": 897.0, ""protein"": 0.0, ""carbohydrates"": 0.0, ""sugar"": 0.0, ""fat"": 99.7, ""saturatedFat"": 68.0, ""transFat"": 3.5, ""fiber"": 0.0, ""sodium"": 0.0}",2026-10-05T17:25:12,2026-10-05T17:25:12
8901000000013,Good Day Cashew Biscuits,Britannia,200g,30g,Bakery & Biscuits,"Wheat Flour, Sugar, Vegetable Fat, Cashew Nuts, Milk Solids","Wheat, Nuts, Milk",Veg,495.0,7.0,66.0,22.0,22.5,11.0,0.0,1.8,320.0,"{""barcode"": ""8901000000013"", ""product_name"": ""Good Day Cashew Biscuits"", ""brand"": ""Britannia"", ""quantity"": ""200g"", ""serving_size"": ""30g"", ""categories"": ""Bakery & Biscuits"", ""ingredients_text"": ""Wheat Flour, Sugar, Vegetable Fat, Cashew Nuts, Milk Solids"", ""allergens"": ""Wheat, Nuts, Milk"", ""diet_category"": ""Veg"", ""energyKcal"": 495.0, ""protein"": 7.0, ""carbohydrates"": 66.0, ""sugar"": 22.0, ""fat"": 22.5, ""saturatedFat"": 11.0, ""transFat"": 0.0, ""fiber"": 1.8, ""sodium"": 320.0}",2026-10-05T17:25:12,2026-10-05T17:25:12
8901000000014,Marie Gold Biscuits,Britannia,200g,30g,Bakery & Biscuits,"Wheat Flour, Sugar, Refined Palm Oil, Invert Sugar Syrup","Wheat, Gluten",Veg,442.0,8.5,77.0,19.0,10.5,4.8,0.0,2.2,410.0,"{""barcode"": ""8901000000014"", ""product_name"": ""Marie Gold Biscuits"", ""brand"": ""Britannia"", ""quantity"": ""200g"", ""serving_size"": ""30g"", ""categories"": ""Bakery & Biscuits"", ""ingredients_text"": ""Wheat Flour, Sugar, Refined Palm Oil, Invert Sugar Syrup"", ""allergens"": ""Wheat, Gluten"", ""diet_category"": ""Veg"", ""energyKcal"": 442.0, ""protein"": 8.5, ""carbohydrates"": 77.0, ""sugar"": 19.0, ""fat"": 10.5, ""saturatedFat"": 4.8, ""transFat"": 0.0, ""fiber"": 2.2, ""sodium"": 410.0}",2026-10-05T17:25:12,2026-10-05T17:25:12
8901000000015,Bourbon Chocolate Biscuits,Britannia,200g,30g,Bakery & Biscuits,"Wheat Flour, Sugar, Palmolein Oil, Cocoa Solids, Caramel Colour","Wheat, Milk, Soy",Veg,486.0,6.0,71.0,34.0,20.0,9.5,0.0,2.0,350.0,"{""barcode"": ""8901000000015"", ""product_name"": ""Bourbon Chocolate Biscuits"", ""brand"": ""Britannia"", ""quantity"": ""200g"", ""serving_size"": ""30g"", ""categories"": ""Bakery & Biscuits"", ""ingredients_text"": ""Wheat Flour, Sugar, Palmolein Oil, Cocoa Solids, Caramel Colour"", ""allergens"": ""Wheat, Milk, Soy"", ""diet_category"": ""Veg"", ""energyKcal"": 486.0, ""protein"": 6.0, ""carbohydrates"": 71.0, ""sugar"": 34.0, ""fat"": 20.0, ""saturatedFat"": 9.5, ""transFat"": 0.0, ""fiber"": 2.0, ""sodium"": 350.0}",2026-10-05T17:25:12,2026-10-05T17:25:12
8901000000016,Parle-G Gluco Biscuits,Parle,200g,30g,Bakery & Biscuits,"Wheat Flour, Sugar, Partially Hydrogenated Vegetable Oil, Invert Syrup",Wheat,Veg,454.0,6.5,76.0,26.0,14.0,6.5,0.0,1.5,330.0,"{""barcode"": ""8901000000016"", ""product_name"": ""Parle-G Gluco Biscuits"", ""brand"": ""Parle"", ""quantity"": ""200g"", ""serving_size"": ""30g"", ""categories"": ""Bakery & Biscuits"", ""ingredients_text"": ""Wheat Flour, Sugar, Partially Hydrogenated Vegetable Oil, Invert Syrup"", ""allergens"": ""Wheat"", ""diet_category"": ""Veg"", ""energyKcal"": 454.0, ""protein"": 6.5, ""carbohydrates"": 76.0, ""sugar"": 26.0, ""fat"": 14.0, ""saturatedFat"": 6.5, ""transFat"": 0.0, ""fiber"": 1.5, ""sodium"": 330.0}",2026-10-05T17:25:12,2026-10-05T17:25:12
8901000000017,Hide & Seek Chocolate Chip Biscuits,Parle,200g,30g,Bakery & Biscuits,"Wheat Flour, Chocolate Chips, Sugar, Edible Vegetable Oil","Wheat, Soy",Veg,485.0,5.5,72.0,32.0,20.0,10.0,0.0,1.9,290.0,"{""barcode"": ""8901000000017"", ""product_name"": ""Hide & Seek Chocolate Chip Biscuits"", ""brand"": ""Parle"", ""quantity"": ""200g"", ""serving_size"": ""30g"", ""categories"": ""Bakery & Biscuits"", ""ingredients_text"": ""Wheat Flour, Chocolate Chips, Sugar, Edible Vegetable Oil"", ""allergens"": ""Wheat, Soy"", ""diet_category"": ""Veg"", ""energyKcal"": 485.0, ""protein"": 5.5, ""carbohydrates"": 72.0, ""sugar"": 32.0, ""fat"": 20.0, ""saturatedFat"": 10.0, ""transFat"": 0.0, ""fiber"": 1.9, ""sodium"": 290.0}",2026-10-05T17:25:12,2026-10-05T17:25:12
8901000000018,Ready to Eat Paneer Butter Masala,MTR,200g,30g,Ready to Eat,"Paneer, Tomato, Onion, Edible Vegetable Oil, Cashew Paste, Spices","Milk, Nuts",Veg,160.0,6.0,9.0,3.5,11.0,5.0,0.0,1.5,520.0,"{""barcode"": ""8901000000018"", ""product_name"": ""Ready to Eat Paneer Butter Masala"", ""brand"": ""MTR"", ""quantity"": ""200g"", ""serving_size"": ""30g"", ""categories"": ""Ready to Eat"", ""ingredients_text"": ""Paneer, Tomato, Onion, Edible Vegetable Oil, Cashew Paste, Spices"", ""allergens"": ""Milk, Nuts"", ""diet_category"": ""Veg"", ""energyKcal"": 160.0, ""protein"": 6.0, ""carbohydrates"": 9.0, ""sugar"": 3.5, ""fat"": 11.0, ""saturatedFat"": 5.0, ""transFat"": 0.0, ""fiber"": 1.5, ""sodium"": 520.0}",2026-10-05T17:25:12,2026-10-05T17:25:12
8901000000019,Sambar Powder,MTR,200g,30g,Spices & Masalas,"Coriander, Chilli, Cumin, Fenugreek, Asafoetida, Bengal Gram Dal",None,Veg,310.0,12.0,48.0,1.0,8.0,1.2,0.0,14.0,1100.0,"{""barcode"": ""8901000000019"", ""product_name"": ""Sambar Powder"", ""brand"": ""MTR"", ""quantity"": ""200g"", ""serving_size"": ""30g"", ""categories"": ""Spices & Masalas"", ""ingredients_text"": ""Coriander, Chilli, Cumin, Fenugreek, Asafoetida, Bengal Gram Dal"", ""allergens"": ""None"", ""diet_category"": ""Veg"", ""energyKcal"": 310.0, ""protein"": 12.0, ""carbohydrates"": 48.0, ""sugar"": 1.0, ""fat"": 8.0, ""saturatedFat"": 1.2, ""transFat"": 0.0, ""fiber"": 14.0, ""sodium"": 1100.0}",2026-10-05T17:25:12,2026-10-05T17:25:12
8901000000020,Poha Instant Mix,MTR,200g,30g,Breakfast Cereals,"Rice Flakes, Edible Vegetable Oil, Peanuts, Salt, Sugar, Mustard, Curry Leaves","Peanuts, Mustard",Veg,390.0,8.0,75.0,6.0,6.5,2.0,0.0,4.0,980.0,"{""barcode"": ""8901000000020"", ""product_name"": ""Poha Instant Mix"", ""brand"": ""MTR"", ""quantity"": ""200g"", ""serving_size"": ""30g"", ""categories"": ""Breakfast Cereals"", ""ingredients_text"": ""Rice Flakes, Edible Vegetable Oil, Peanuts, Salt, Sugar, Mustard, Curry Leaves"", ""allergens"": ""Peanuts, Mustard"", ""diet_category"": ""Veg"", ""energyKcal"": 390.0, ""protein"": 8.0, ""carbohydrates"": 75.0, ""sugar"": 6.0, ""fat"": 6.5, ""saturatedFat"": 2.0, ""transFat"": 0.0, ""fiber"": 4.0, ""sodium"": 980.0}",2026-10-05T17:25:12,2026-10-05T17:25:12
8901000000021,Shudh Chakki Atta,ITC Aashirvaad,200g,30g,Pantry Staples,Whole Wheat Grains,Wheat,Veg,366.0,12.0,73.0,0.0,1.8,0.4,0.0,11.0,5.0,"{""barcode"": ""8901000000021"", ""product_name"": ""Shudh Chakki Atta"", ""brand"": ""ITC Aashirvaad"", ""quantity"": ""200g"", ""serving_size"": ""30g"", ""categories"": ""Pantry Staples"", ""ingredients_text"": ""Whole Wheat Grains"", ""allergens"": ""Wheat"", ""diet_category"": ""Veg"", ""energyKcal"": 366.0, ""protein"": 12.0, ""carbohydrates"": 73.0, ""sugar"": 0.0, ""fat"": 1.8, ""saturatedFat"": 0.4, ""transFat"": 0.0, ""fiber"": 11.0, ""sodium"": 5.0}",2026-10-05T17:25:12,2026-10-05T17:25:12
8901000000022,Mixed Fruit Jam,Kissan,200g,30g,Sauces & Condiments,"Sugar, Mixed Fruit Pulp, Thickener (440), Acidity Regulator (330)",None,Veg,282.0,0.4,70.0,68.0,0.0,0.0,0.0,0.8,40.0,"{""barcode"": ""8901000000022"", ""product_name"": ""Mixed Fruit Jam"", ""brand"": ""Kissan"", ""quantity"": ""200g"", ""serving_size"": ""30g"", ""categories"": ""Sauces & Condiments"", ""ingredients_text"": ""Sugar, Mixed Fruit Pulp, Thickener (440), Acidity Regulator (330)"", ""allergens"": ""None"", ""diet_category"": ""Veg"", ""energyKcal"": 282.0, ""protein"": 0.4, ""carbohydrates"": 70.0, ""sugar"": 68.0, ""fat"": 0.0, ""saturatedFat"": 0.0, ""transFat"": 0.0, ""fiber"": 0.8, ""sodium"": 40.0}",2026-10-05T17:25:12,2026-10-05T17:25:12
8901000000023,Fresh Tomato Ketchup,Kissan,200g,30g,Sauces & Condiments,"Tomato Paste, Water, Sugar, Salt, Acidity Regulator (260), Spices",None,Veg,120.0,1.2,28.0,26.0,0.0,0.0,0.0,0.5,850.0,"{""barcode"": ""8901000000023"", ""product_name"": ""Fresh Tomato Ketchup"", ""brand"": ""Kissan"", ""quantity"": ""200g"", ""serving_size"": ""30g"", ""categories"": ""Sauces & Condiments"", ""ingredients_text"": ""Tomato Paste, Water, Sugar, Salt, Acidity Regulator (260), Spices"", ""allergens"": ""None"", ""diet_category"": ""Veg"", ""energyKcal"": 120.0, ""protein"": 1.2, ""carbohydrates"": 28.0, ""sugar"": 26.0, ""fat"": 0.0, ""saturatedFat"": 0.0, ""transFat"": 0.0, ""fiber"": 0.5, ""sodium"": 850.0}",2026-10-05T17:25:12,2026-10-05T17:25:12
8901000000024,Moong Dal Thin,Tata Sampann,200g,30g,Pantry Staples,Unpolished Moong Dal Grains,None,Veg,348.0,24.0,56.0,0.0,1.2,0.3,0.0,8.0,10.0,"{""barcode"": ""8901000000024"", ""product_name"": ""Moong Dal Thin"", ""brand"": ""Tata Sampann"", ""quantity"": ""200g"", ""serving_size"": ""30g"", ""categories"": ""Pantry Staples"", ""ingredients_text"": ""Unpolished Moong Dal Grains"", ""allergens"": ""None"", ""diet_category"": ""Veg"", ""energyKcal"": 348.0, ""protein"": 24.0, ""carbohydrates"": 56.0, ""sugar"": 0.0, ""fat"": 1.2, ""saturatedFat"": 0.3, ""transFat"": 0.0, ""fiber"": 8.0, ""sodium"": 10.0}",2026-10-05T17:25:12,2026-10-05T17:25:12
8901000000025,Aamras Mango Juice,Paper Boat,200g,30g,Beverages,"Mango Pulp, Water, Sugar, Citric Acid, Ascorbic Acid",None,Veg,65.0,0.2,16.0,15.0,0.0,0.0,0.0,0.5,15.0,"{""barcode"": ""8901000000025"", ""product_name"": ""Aamras Mango Juice"", ""brand"": ""Paper Boat"", ""quantity"": ""200g"", ""serving_size"": ""30g"", ""categories"": ""Beverages"", ""ingredients_text"": ""Mango Pulp, Water, Sugar, Citric Acid, Ascorbic Acid"", ""allergens"": ""None"", ""diet_category"": ""Veg"", ""energyKcal"": 65.0, ""protein"": 0.2, ""carbohydrates"": 16.0, ""sugar"": 15.0, ""fat"": 0.0, ""saturatedFat"": 0.0, ""transFat"": 0.0, ""fiber"": 0.5, ""sodium"": 15.0}",2026-10-05T17:25:12,2026-10-05T17:25:12
8901000000026,Pure Honey,Dabur,200g,30g,Pantry Staples,100% Pure Honey,None,Veg,320.0,0.0,80.0,80.0,0.0,0.0,0.0,0.0,15.0,"{""barcode"": ""8901000000026"", ""product_name"": ""Pure Honey"", ""brand"": ""Dabur"", ""quantity"": ""200g"", ""serving_size"": ""30g"", ""categories"": ""Pantry Staples"", ""ingredients_text"": ""100% Pure Honey"", ""allergens"": ""None"", ""diet_category"": ""Veg"", ""energyKcal"": 320.0, ""protein"": 0.0, ""carbohydrates"": 80.0, ""sugar"": 80.0, ""fat"": 0.0, ""saturatedFat"": 0.0, ""transFat"": 0.0, ""fiber"": 0.0, ""sodium"": 15.0}",2026-10-05T17:25:12,2026-10-05T17:25:12
8901000000027,Turmeric Powder,Catch,200g,30g,Spices & Masalas,Ground Dry Turmeric Roots,None,Veg,350.0,8.0,65.0,3.0,6.0,1.5,0.0,20.0,30.0,"{""barcode"": ""8901000000027"", ""product_name"": ""Turmeric Powder"", ""brand"": ""Catch"", ""quantity"": ""200g"", ""serving_size"": ""30g"", ""categories"": ""Spices & Masalas"", ""ingredients_text"": ""Ground Dry Turmeric Roots"", ""allergens"": ""None"", ""diet_category"": ""Veg"", ""energyKcal"": 350.0, ""protein"": 8.0, ""carbohydrates"": 65.0, ""sugar"": 3.0, ""fat"": 6.0, ""saturatedFat"": 1.5, ""transFat"": 0.0, ""fiber"": 20.0, ""sodium"": 30.0}",2026-10-05T17:25:12,2026-10-05T17:25:12
8901000000028,Alu Bhujia Pack 28,Haldiram's,150g,30g,Snacks,"Potato, Edible Vegetable Oil, Gram Flour, Moth Flour, Salt, Spices",None,Veg,560.0,9.0,42.0,2.0,38.0,12.0,0.0,4.0,800.0,"{""barcode"": ""8901000000028"", ""product_name"": ""Alu Bhujia Pack 28"", ""brand"": ""Haldiram's"", ""quantity"": ""150g"", ""serving_size"": ""30g"", ""categories"": ""Snacks"", ""ingredients_text"": ""Potato, Edible Vegetable Oil, Gram Flour, Moth Flour, Salt, Spices"", ""allergens"": ""None"", ""diet_category"": ""Veg"", ""energyKcal"": 560.0, ""protein"": 9.0, ""carbohydrates"": 42.0, ""sugar"": 2.0, ""fat"": 38.0, ""saturatedFat"": 12.0, ""transFat"": 0.0, ""fiber"": 4.0, ""sodium"": 800.0}",2026-10-05T17:25:12,2026-10-05T17:25:12
8901000000029,Sev Bhujia Pack 29,Haldiram's,150g,30g,Snacks,"Gram Flour, Edible Vegetable Oil, Salt, Red Chilli Powder, Black Pepper",None,Veg,550.0,10.0,40.0,1.0,36.0,11.0,0.0,4.5,850.0,"{""barcode"": ""8901000000029"", ""product_name"": ""Sev Bhujia Pack 29"", ""brand"": ""Haldiram's"", ""quantity"": ""150g"", ""serving_size"": ""30g"", ""categories"": ""Snacks"", ""ingredients_text"": ""Gram Flour, Edible Vegetable Oil, Salt, Red Chilli Powder, Black Pepper"", ""allergens"": ""None"", ""diet_category"": ""Veg"", ""energyKcal"": 550.0, ""protein"": 10.0, ""carbohydrates"": 40.0, ""sugar"": 1.0, ""fat"": 36.0, ""saturatedFat"": 11.0, ""transFat"": 0.0, ""fiber"": 4.5, ""sodium"": 850.0}",2026-10-05T17:25:12,2026-10-05T17:25:12
8901000000030,Moong Dal Pack 30,Haldiram's,200g,35g,Snacks,"Moong Dal (Peeled Split Mung Bean), Edible Vegetable Oil, Salt",None,Veg,470.0,20.0,52.0,0.5,20.0,6.0,0.0,6.0,650.0,"{""barcode"": ""8901000000030"", ""product_name"": ""Moong Dal Pack 30"", ""brand"": ""Haldiram's"", ""quantity"": ""200g"", ""serving_size"": ""35g"", ""categories"": ""Snacks"", ""ingredients_text"": ""Moong Dal (Peeled Split Mung Bean), Edible Vegetable Oil, Salt"", ""allergens"": ""None"", ""diet_category"": ""Veg"", ""energyKcal"": 470.0, ""protein"": 20.0, ""carbohydrates"": 52.0, ""sugar"": 0.5, ""fat"": 20.0, ""saturatedFat"": 6.0, ""transFat"": 0.0, ""fiber"": 6.0, ""sodium"": 650.0}",2026-10-05T17:25:12,2026-10-05T17:25:12
8901000000031,Khatta Meetha Pack 31,Haldiram's,200g,30g,Snacks,"Gram Flour, Vegetable Oil, Puffed Rice, Peanuts, Sugar, Salt, Citric Acid",Peanuts,Veg,510.0,8.5,58.0,14.0,26.0,8.0,0.0,3.0,550.0,"{""barcode"": ""8901000000031"", ""product_name"": ""Khatta Meetha Pack 31"", ""brand"": ""Haldiram's"", ""quantity"": ""200g"", ""serving_size"": ""30g"", ""categories"": ""Snacks"", ""ingredients_text"": ""Gram Flour, Vegetable Oil, Puffed Rice, Peanuts, Sugar, Salt, Citric Acid"", ""allergens"": ""Peanuts"", ""diet_category"": ""Veg"", ""energyKcal"": 510.0, ""protein"": 8.5, ""carbohydrates"": 58.0, ""sugar"": 14.0, ""fat"": 26.0, ""saturatedFat"": 8.0, ""transFat"": 0.0, ""fiber"": 3.0, ""sodium"": 550.0}",2026-10-05T17:25:12,2026-10-05T17:25:12
8901000000032,Soan Papdi Pack 32,Haldiram's,250g,30g,Sweets,"Sugar, Refined Palmolein Oil, Bengal Gram Flour, Wheat Flour, Cardamom","Wheat, Gluten, Nuts",Veg,490.0,5.0,65.0,48.0,24.0,15.0,0.0,1.5,50.0,"{""barcode"": ""8901000000032"", ""product_name"": ""Soan Papdi Pack 32"", ""brand"": ""Haldiram's"", ""quantity"": ""250g"", ""serving_size"": ""30g"", ""categories"": ""Sweets"", ""ingredients_text"": ""Sugar, Refined Palmolein Oil, Bengal Gram Flour, Wheat Flour, Cardamom"", ""allergens"": ""Wheat, Gluten, Nuts"", ""diet_category"": ""Veg"", ""energyKcal"": 490.0, ""protein"": 5.0, ""carbohydrates"": 65.0, ""sugar"": 48.0, ""fat"": 24.0, ""saturatedFat"": 15.0, ""transFat"": 0.0, ""fiber"": 1.5, ""sodium"": 50.0}",2026-10-05T17:25:12,2026-10-05T17:25:12
8901000000033,Magic Masala Chips Pack 33,Lay's,50g,30g,Snacks,"Potato, Edible Vegetable Oil, Spices, Condiments, Salt, Onion Powder, Garlic Powder",None,Veg,540.0,7.0,53.0,3.0,33.0,13.0,0.0,3.8,750.0,"{""barcode"": ""8901000000033"", ""product_name"": ""Magic Masala Chips Pack 33"", ""brand"": ""Lay's"", ""quantity"": ""50g"", ""serving_size"": ""30g"", ""categories"": ""Snacks"", ""ingredients_text"": ""Potato, Edible Vegetable Oil, Spices, Condiments, Salt, Onion Powder, Garlic Powder"", ""allergens"": ""None"", ""diet_category"": ""Veg"", ""energyKcal"": 540.0, ""protein"": 7.0, ""carbohydrates"": 53.0, ""sugar"": 3.0, ""fat"": 33.0, ""saturatedFat"": 13.0, ""transFat"": 0.0, ""fiber"": 3.8, ""sodium"": 750.0}",2026-10-05T17:25:12,2026-10-05T17:25:12
8901000000034,American Style Cream & Onion Chips Pack 34,Lay's,50g,30g,Snacks,"Potato, Edible Vegetable Oil, Sugar, Milk Solids, Salt, Onion Powder",Milk Dairy,Veg,544.0,6.8,52.5,2.8,34.0,13.5,0.0,3.5,720.0,"{""barcode"": ""8901000000034"", ""product_name"": ""American Style Cream & Onion Chips Pack 34"", ""brand"": ""Lay's"", ""quantity"": ""50g"", ""serving_size"": ""30g"", ""categories"": ""Snacks"", ""ingredients_text"": ""Potato, Edible Vegetable Oil, Sugar, Milk Solids, Salt, Onion Powder"", ""allergens"": ""Milk Dairy"", ""diet_category"": ""Veg"", ""energyKcal"": 544.0, ""protein"": 6.8, ""carbohydrates"": 52.5, ""sugar"": 2.8, ""fat"": 34.0, ""saturatedFat"": 13.5, ""transFat"": 0.0, ""fiber"": 3.5, ""sodium"": 720.0}",2026-10-05T17:25:12,2026-10-05T17:25:12
8901000000035,Masala Munch Pack 35,Kurkure,90g,30g,Snacks,"Rice Meal, Corn Meal, Gram Meal, Edible Vegetable Oil, Spices, Condiments, Salt",None,Veg,558.0,6.3,56.1,2.0,34.3,15.0,0.0,2.0,880.0,"{""barcode"": ""8901000000035"", ""product_name"": ""Masala Munch Pack 35"", ""brand"": ""Kurkure"", ""quantity"": ""90g"", ""serving_size"": ""30g"", ""categories"": ""Snacks"", ""ingredients_text"": ""Rice Meal, Corn Meal, Gram Meal, Edible Vegetable Oil, Spices, Condiments, Salt"", ""allergens"": ""None"", ""diet_category"": ""Veg"", ""energyKcal"": 558.0, ""protein"": 6.3, ""carbohydrates"": 56.1, ""sugar"": 2.0, ""fat"": 34.3, ""saturatedFat"": 15.0, ""transFat"": 0.0, ""fiber"": 2.0, ""sodium"": 880.0}",2026-10-05T17:25:12,2026-10-05T17:25:12
8901000000036,Green Chutney Style Pack 36,Kurkure,90g,30g,Snacks,"Rice Meal, Corn Meal, Edible Oil, Spices, Mint Powder, Coriander Powder, Salt",None,Veg,550.0,6.5,57.0,2.5,33.0,14.5,0.0,2.1,860.0,"{""barcode"": ""8901000000036"", ""product_name"": ""Green Chutney Style Pack 36"", ""brand"": ""Kurkure"", ""quantity"": ""90g"", ""serving_size"": ""30g"", ""categories"": ""Snacks"", ""ingredients_text"": ""Rice Meal, Corn Meal, Edible Oil, Spices, Mint Powder, Coriander Powder, Salt"", ""allergens"": ""None"", ""diet_category"": ""Veg"", ""energyKcal"": 550.0, ""protein"": 6.5, ""carbohydrates"": 57.0, ""sugar"": 2.5, ""fat"": 33.0, ""saturatedFat"": 14.5, ""transFat"": 0.0, ""fiber"": 2.1, ""sodium"": 860.0}",2026-10-05T17:25:12,2026-10-05T17:25:12
8901000000037,2-Minute Masala Noodles Pack 37,Maggi,70g,70g,Instant Foods,"Wheat Flour, Palm Oil, Salt, Wheat Gluten, Spice Mix (Coriander, Turmeric, Cumin)","Wheat, Gluten, Soy",Veg,427.0,8.0,63.5,1.2,15.7,6.9,0.0,3.6,1050.0,"{""barcode"": ""8901000000037"", ""product_name"": ""2-Minute Masala Noodles Pack 37"", ""brand"": ""Maggi"", ""quantity"": ""70g"", ""serving_size"": ""70g"", ""categories"": ""Instant Foods"", ""ingredients_text"": ""Wheat Flour, Palm Oil, Salt, Wheat Gluten, Spice Mix (Coriander, Turmeric, Cumin)"", ""allergens"": ""Wheat, Gluten, Soy"", ""diet_category"": ""Veg"", ""energyKcal"": 427.0, ""protein"": 8.0, ""carbohydrates"": 63.5, ""sugar"": 1.2, ""fat"": 15.7, ""saturatedFat"": 6.9, ""transFat"": 0.0, ""fiber"": 3.6, ""sodium"": 1050.0}",2026-10-05T17:25:12,2026-10-05T17:25:12
8901000000038,Pasteurised Butter Pack 38,Amul,100g,10g,Dairy,"Butter fat, Common Salt, Permitted Natural Colour",Milk Dairy,Veg,722.0,0.6,0.0,0.0,80.0,51.0,3.0,0.0,0.0,"{""barcode"": ""8901000000038"", ""product_name"": ""Pasteurised Butter Pack 38"", ""brand"": ""Amul"", ""quantity"": ""100g"", ""serving_size"": ""10g"", ""categories"": ""Dairy"", ""ingredients_text"": ""Butter fat, Common Salt, Permitted Natural Colour"", ""allergens"": ""Milk Dairy"", ""diet_category"": ""Veg"", ""energyKcal"": 722.0, ""protein"": 0.6, ""carbohydrates"": 0.0, ""sugar"": 0.0, ""fat"": 80.0, ""saturatedFat"": 51.0, ""transFat"": 3.0, ""fiber"": 0.0, ""sodium"": 0.0}",2026-10-05T17:25:12,2026-10-05T17:25:12
8901000000039,Pure Ghee Pack 39,Amul,1L,15ml,Dairy,Milk Fat,Milk Dairy,Veg,897.0,0.0,0.0,0.0,99.7,68.0,3.5,0.0,0.0,"{""barcode"": ""8901000000039"", ""product_name"": ""Pure Ghee Pack 39"", ""brand"": ""Amul"", ""quantity"": ""1L"", ""serving_size"": ""15ml"", ""categories"": ""Dairy"", ""ingredients_text"": ""Milk Fat"", ""allergens"": ""Milk Dairy"", ""diet_category"": ""Veg"", ""energyKcal"": 897.0, ""protein"": 0.0, ""carbohydrates"": 0.0, ""sugar"": 0.0, ""fat"": 99.7, ""saturatedFat"": 68.0, ""transFat"": 3.5, ""fiber"": 0.0, ""sodium"": 0.0}",2026-10-05T17:25:12,2026-10-05T17:25:12
8901000000040,Good Day Cashew Biscuits Var 40,Britannia,200g,30g,Bakery & Biscuits,"Wheat Flour, Sugar, Vegetable Fat, Cashew Nuts, Milk Solids","Wheat, Nuts, Milk",Veg,495.0,7.0,66.0,22.0,22.5,11.0,0.0,1.8,320.0,"{""barcode"": ""8901000000040"", ""product_name"": ""Good Day Cashew Biscuits Var 40"", ""brand"": ""Britannia"", ""quantity"": ""200g"", ""serving_size"": ""30g"", ""categories"": ""Bakery & Biscuits"", ""ingredients_text"": ""Wheat Flour, Sugar, Vegetable Fat, Cashew Nuts, Milk Solids"", ""allergens"": ""Wheat, Nuts, Milk"", ""diet_category"": ""Veg"", ""energyKcal"": 495.0, ""protein"": 7.0, ""carbohydrates"": 66.0, ""sugar"": 22.0, ""fat"": 22.5, ""saturatedFat"": 11.0, ""transFat"": 0.0, ""fiber"": 1.8, ""sodium"": 320.0}",2026-10-05T17:25:12,2026-10-05T17:25:12
8901000000041,Marie Gold Biscuits Var 41,Britannia,200g,30g,Bakery & Biscuits,"Wheat Flour, Sugar, Refined Palm Oil, Invert Sugar Syrup","Wheat, Gluten",Veg,442.0,8.5,77.0,19.0,10.5,4.8,0.0,2.2,410.0,"{""barcode"": ""8901000000041"", ""product_name"": ""Marie Gold Biscuits Var 41"", ""brand"": ""Britannia"", ""quantity"": ""200g"", ""serving_size"": ""30g"", ""categories"": ""Bakery & Biscuits"", ""ingredients_text"": ""Wheat Flour, Sugar, Refined Palm Oil, Invert Sugar Syrup"", ""allergens"": ""Wheat, Gluten"", ""diet_category"": ""Veg"", ""energyKcal"": 442.0, ""protein"": 8.5, ""carbohydrates"": 77.0, ""sugar"": 19.0, ""fat"": 10.5, ""saturatedFat"": 4.8, ""transFat"": 0.0, ""fiber"": 2.2, ""sodium"": 410.0}",2026-10-05T17:25:12,2026-10-05T17:25:12
8901000000042,Bourbon Chocolate Biscuits Var 42,Britannia,200g,30g,Bakery & Biscuits,"Wheat Flour, Sugar, Palmolein Oil, Cocoa Solids, Caramel Colour","Wheat, Milk, Soy",Veg,486.0,6.0,71.0,34.0,20.0,9.5,0.0,2.0,350.0,"{""barcode"": ""8901000000042"", ""product_name"": ""Bourbon Chocolate Biscuits Var 42"", ""brand"": ""Britannia"", ""quantity"": ""200g"", ""serving_size"": ""30g"", ""categories"": ""Bakery & Biscuits"", ""ingredients_text"": ""Wheat Flour, Sugar, Palmolein Oil, Cocoa Solids, Caramel Colour"", ""allergens"": ""Wheat, Milk, Soy"", ""diet_category"": ""Veg"", ""energyKcal"": 486.0, ""protein"": 6.0, ""carbohydrates"": 71.0, ""sugar"": 34.0, ""fat"": 20.0, ""saturatedFat"": 9.5, ""transFat"": 0.0, ""fiber"": 2.0, ""sodium"": 350.0}",2026-10-05T17:25:12,2026-10-05T17:25:12
8901000000043,Parle-G Gluco Biscuits Var 43,Parle,200g,30g,Bakery & Biscuits,"Wheat Flour, Sugar, Partially Hydrogenated Vegetable Oil, Invert Syrup",Wheat,Veg,454.0,6.5,76.0,26.0,14.0,6.5,0.0,1.5,330.0,"{""barcode"": ""8901000000043"", ""product_name"": ""Parle-G Gluco Biscuits Var 43"", ""brand"": ""Parle"", ""quantity"": ""200g"", ""serving_size"": ""30g"", ""categories"": ""Bakery & Biscuits"", ""ingredients_text"": ""Wheat Flour, Sugar, Partially Hydrogenated Vegetable Oil, Invert Syrup"", ""allergens"": ""Wheat"", ""diet_category"": ""Veg"", ""energyKcal"": 454.0, ""protein"": 6.5, ""carbohydrates"": 76.0, ""sugar"": 26.0, ""fat"": 14.0, ""saturatedFat"": 6.5, ""transFat"": 0.0, ""fiber"": 1.5, ""sodium"": 330.0}",2026-10-05T17:25:12,2026-10-05T17:25:12
8901000000044,Hide & Seek Chocolate Chip Biscuits Var 44,Parle,200g,30g,Bakery & Biscuits,"Wheat Flour, Chocolate Chips, Sugar, Edible Vegetable Oil","Wheat, Soy",Veg,485.0,5.5,72.0,32.0,20.0,10.0,0.0,1.9,290.0,"{""barcode"": ""8901000000044"", ""product_name"": ""Hide & Seek Chocolate Chip Biscuits Var 44"", ""brand"": ""Parle"", ""quantity"": ""200g"", ""serving_size"": ""30g"", ""categories"": ""Bakery & Biscuits"", ""ingredients_text"": ""Wheat Flour, Chocolate Chips, Sugar, Edible Vegetable Oil"", ""allergens"": ""Wheat, Soy"", ""diet_category"": ""Veg"", ""energyKcal"": 485.0, ""protein"": 5.5, ""carbohydrates"": 72.0, ""sugar"": 32.0, ""fat"": 20.0, ""saturatedFat"": 10.0, ""transFat"": 0.0, ""fiber"": 1.9, ""sodium"": 290.0}",2026-10-05T17:25:12,2026-10-05T17:25:12
8901000000045,Ready to Eat Paneer Butter Masala Var 45,MTR,200g,30g,Ready to Eat,"Paneer, Tomato, Onion, Edible Vegetable Oil, Cashew Paste, Spices","Milk, Nuts",Veg,160.0,6.0,9.0,3.5,11.0,5.0,0.0,1.5,520.0,"{""barcode"": ""8901000000045"", ""product_name"": ""Ready to Eat Paneer Butter Masala Var 45"", ""brand"": ""MTR"", ""quantity"": ""200g"", ""serving_size"": ""30g"", ""categories"": ""Ready to Eat"", ""ingredients_text"": ""Paneer, Tomato, Onion, Edible Vegetable Oil, Cashew Paste, Spices"", ""allergens"": ""Milk, Nuts"", ""diet_category"": ""Veg"", ""energyKcal"": 160.0, ""protein"": 6.0, ""carbohydrates"": 9.0, ""sugar"": 3.5, ""fat"": 11.0, ""saturatedFat"": 5.0, ""transFat"": 0.0, ""fiber"": 1.5, ""sodium"": 520.0}",2026-10-05T17:25:12,2026-10-05T17:25:12
8901000000046,Sambar Powder Var 46,MTR,200g,30g,Spices & Masalas,"Coriander, Chilli, Cumin, Fenugreek, Asafoetida, Bengal Gram Dal",None,Veg,310.0,12.0,48.0,1.0,8.0,1.2,0.0,14.0,1100.0,"{""barcode"": ""8901000000046"", ""product_name"": ""Sambar Powder Var 46"", ""brand"": ""MTR"", ""quantity"": ""200g"", ""serving_size"": ""30g"", ""categories"": ""Spices & Masalas"", ""ingredients_text"": ""Coriander, Chilli, Cumin, Fenugreek, Asafoetida, Bengal Gram Dal"", ""allergens"": ""None"", ""diet_category"": ""Veg"", ""energyKcal"": 310.0, ""protein"": 12.0, ""carbohydrates"": 48.0, ""sugar"": 1.0, ""fat"": 8.0, ""saturatedFat"": 1.2, ""transFat"": 0.0, ""fiber"": 14.0, ""sodium"": 1100.0}",2026-10-05T17:25:12,2026-10-05T17:25:12
8901000000047,Poha Instant Mix Var 47,MTR,200g,30g,Breakfast Cereals,"Rice Flakes, Edible Vegetable Oil, Peanuts, Salt, Sugar, Mustard, Curry Leaves","Peanuts, Mustard",Veg,390.0,8.0,75.0,6.0,6.5,2.0,0.0,4.0,980.0,"{""barcode"": ""8901000000047"", ""product_name"": ""Poha Instant Mix Var 47"", ""brand"": ""MTR"", ""quantity"": ""200g"", ""serving_size"": ""30g"", ""categories"": ""Breakfast Cereals"", ""ingredients_text"": ""Rice Flakes, Edible Vegetable Oil, Peanuts, Salt, Sugar, Mustard, Curry Leaves"", ""allergens"": ""Peanuts, Mustard"", ""diet_category"": ""Veg"", ""energyKcal"": 390.0, ""protein"": 8.0, ""carbohydrates"": 75.0, ""sugar"": 6.0, ""fat"": 6.5, ""saturatedFat"": 2.0, ""transFat"": 0.0, ""fiber"": 4.0, ""sodium"": 980.0}",2026-10-05T17:25:12,2026-10-05T17:25:12
8901000000048,Shudh Chakki Atta Var 48,ITC Aashirvaad,200g,30g,Pantry Staples,Whole Wheat Grains,Wheat,Veg,366.0,12.0,73.0,0.0,1.8,0.4,0.0,11.0,5.0,"{""barcode"": ""8901000000048"", ""product_name"": ""Shudh Chakki Atta Var 48"", ""brand"": ""ITC Aashirvaad"", ""quantity"": ""200g"", ""serving_size"": ""30g"", ""categories"": ""Pantry Staples"", ""ingredients_text"": ""Whole Wheat Grains"", ""allergens"": ""Wheat"", ""diet_category"": ""Veg"", ""energyKcal"": 366.0, ""protein"": 12.0, ""carbohydrates"": 73.0, ""sugar"": 0.0, ""fat"": 1.8, ""saturatedFat"": 0.4, ""transFat"": 0.0, ""fiber"": 11.0, ""sodium"": 5.0}",2026-10-05T17:25:12,2026-10-05T17:25:12
8901000000049,Mixed Fruit Jam Var 49,Kissan,200g,30g,Sauces & Condiments,"Sugar, Mixed Fruit Pulp, Thickener (440), Acidity Regulator (330)",None,Veg,282.0,0.4,70.0,68.0,0.0,0.0,0.0,0.8,40.0,"{""barcode"": ""8901000000049"", ""product_name"": ""Mixed Fruit Jam Var 49"", ""brand"": ""Kissan"", ""quantity"": ""200g"", ""serving_size"": ""30g"", ""categories"": ""Sauces & Condiments"", ""ingredients_text"": ""Sugar, Mixed Fruit Pulp, Thickener (440), Acidity Regulator (330)"", ""allergens"": ""None"", ""diet_category"": ""Veg"", ""energyKcal"": 282.0, ""protein"": 0.4, ""carbohydrates"": 70.0, ""sugar"": 68.0, ""fat"": 0.0, ""saturatedFat"": 0.0, ""transFat"": 0.0, ""fiber"": 0.8, ""sodium"": 40.0}",2026-10-05T17:25:12,2026-10-05T17:25:12
8901000000050,Fresh Tomato Ketchup Var 50,Kissan,200g,30g,Sauces & Condiments,"Tomato Paste, Water, Sugar, Salt, Acidity Regulator (260), Spices",None,Veg,120.0,1.2,28.0,26.0,0.0,0.0,0.0,0.5,850.0,"{""barcode"": ""8901000000050"", ""product_name"": ""Fresh Tomato Ketchup Var 50"", ""brand"": ""Kissan"", ""quantity"": ""200g"", ""serving_size"": ""30g"", ""categories"": ""Sauces & Condiments"", ""ingredients_text"": ""Tomato Paste, Water, Sugar, Salt, Acidity Regulator (260), Spices"", ""allergens"": ""None"", ""diet_category"": ""Veg"", ""energyKcal"": 120.0, ""protein"": 1.2, ""carbohydrates"": 28.0, ""sugar"": 26.0, ""fat"": 0.0, ""saturatedFat"": 0.0, ""transFat"": 0.0, ""fiber"": 0.5, ""sodium"": 850.0}",2026-10-05T17:25:12,2026-10-05T17:25:12
8901000000051,Moong Dal Thin Var 51,Tata Sampann,200g,30g,Pantry Staples,Unpolished Moong Dal Grains,None,Veg,348.0,24.0,56.0,0.0,1.2,0.3,0.0,8.0,10.0,"{""barcode"": ""8901000000051"", ""product_name"": ""Moong Dal Thin Var 51"", ""brand"": ""Tata Sampann"", ""quantity"": ""200g"", ""serving_size"": ""30g"", ""categories"": ""Pantry Staples"", ""ingredients_text"": ""Unpolished Moong Dal Grains"", ""allergens"": ""None"", ""diet_category"": ""Veg"", ""energyKcal"": 348.0, ""protein"": 24.0, ""carbohydrates"": 56.0, ""sugar"": 0.0, ""fat"": 1.2, ""saturatedFat"": 0.3, ""transFat"": 0.0, ""fiber"": 8.0, ""sodium"": 10.0}",2026-10-05T17:25:12,2026-10-05T17:25:12
8901000000052,Aamras Mango Juice Var 52,Paper Boat,200g,30g,Beverages,"Mango Pulp, Water, Sugar, Citric Acid, Ascorbic Acid",None,Veg,65.0,0.2,16.0,15.0,0.0,0.0,0.0,0.5,15.0,"{""barcode"": ""8901000000052"", ""product_name"": ""Aamras Mango Juice Var 52"", ""brand"": ""Paper Boat"", ""quantity"": ""200g"", ""serving_size"": ""30g"", ""categories"": ""Beverages"", ""ingredients_text"": ""Mango Pulp, Water, Sugar, Citric Acid, Ascorbic Acid"", ""allergens"": ""None"", ""diet_category"": ""Veg"", ""energyKcal"": 65.0, ""protein"": 0.2, ""carbohydrates"": 16.0, ""sugar"": 15.0, ""fat"": 0.0, ""saturatedFat"": 0.0, ""transFat"": 0.0, ""fiber"": 0.5, ""sodium"": 15.0}",2026-10-05T17:25:12,2026-10-05T17:25:12
8901000000053,Pure Honey Var 53,Dabur,200g,30g,Pantry Staples,100% Pure Honey,None,Veg,320.0,0.0,80.0,80.0,0.0,0.0,0.0,0.0,15.0,"{""barcode"": ""8901000000053"", ""product_name"": ""Pure Honey Var 53"", ""brand"": ""Dabur"", ""quantity"": ""200g"", ""serving_size"": ""30g"", ""categories"": ""Pantry Staples"", ""ingredients_text"": ""100% Pure Honey"", ""allergens"": ""None"", ""diet_category"": ""Veg"", ""energyKcal"": 320.0, ""protein"": 0.0, ""carbohydrates"": 80.0, ""sugar"": 80.0, ""fat"": 0.0, ""saturatedFat"": 0.0, ""transFat"": 0.0, ""fiber"": 0.0, ""sodium"": 15.0}",2026-10-05T17:25:12,2026-10-05T17:25:12
8901000000054,Turmeric Powder Var 54,Catch,200g,30g,Spices & Masalas,Ground Dry Turmeric Roots,None,Veg,350.0,8.0,65.0,3.0,6.0,1.5,0.0,20.0,30.0,"{""barcode"": ""8901000000054"", ""product_name"": ""Turmeric Powder Var 54"", ""brand"": ""Catch"", ""quantity"": ""200g"", ""serving_size"": ""30g"", ""categories"": ""Spices & Masalas"", ""ingredients_text"": ""Ground Dry Turmeric Roots"", ""allergens"": ""None"", ""diet_category"": ""Veg"", ""energyKcal"": 350.0, ""protein"": 8.0, ""carbohydrates"": 65.0, ""sugar"": 3.0, ""fat"": 6.0, ""saturatedFat"": 1.5, ""transFat"": 0.0, ""fiber"": 20.0, ""sodium"": 30.0}",2026-10-05T17:25:12,2026-10-05T17:25:12
8901000000055,Alu Bhujia Pack 55,Haldiram's,150g,30g,Snacks,"Potato, Edible Vegetable Oil, Gram Flour, Moth Flour, Salt, Spices",None,Veg,560.0,9.0,42.0,2.0,38.0,12.0,0.0,4.0,800.0,"{""barcode"": ""8901000000055"", ""product_name"": ""Alu Bhujia Pack 55"", ""brand"": ""Haldiram's"", ""quantity"": ""150g"", ""serving_size"": ""30g"", ""categories"": ""Snacks"", ""ingredients_text"": ""Potato, Edible Vegetable Oil, Gram Flour, Moth Flour, Salt, Spices"", ""allergens"": ""None"", ""diet_category"": ""Veg"", ""energyKcal"": 560.0, ""protein"": 9.0, ""carbohydrates"": 42.0, ""sugar"": 2.0, ""fat"": 38.0, ""saturatedFat"": 12.0, ""transFat"": 0.0, ""fiber"": 4.0, ""sodium"": 800.0}",2026-10-05T17:25:12,2026-10-05T17:25:12
8901000000056,Sev Bhujia Pack 56,Haldiram's,150g,30g,Snacks,"Gram Flour, Edible Vegetable Oil, Salt, Red Chilli Powder, Black Pepper",None,Veg,550.0,10.0,40.0,1.0,36.0,11.0,0.0,4.5,850.0,"{""barcode"": ""8901000000056"", ""product_name"": ""Sev Bhujia Pack 56"", ""brand"": ""Haldiram's"", ""quantity"": ""150g"", ""serving_size"": ""30g"", ""categories"": ""Snacks"", ""ingredients_text"": ""Gram Flour, Edible Vegetable Oil, Salt, Red Chilli Powder, Black Pepper"", ""allergens"": ""None"", ""diet_category"": ""Veg"", ""energyKcal"": 550.0, ""protein"": 10.0, ""carbohydrates"": 40.0, ""sugar"": 1.0, ""fat"": 36.0, ""saturatedFat"": 11.0, ""transFat"": 0.0, ""fiber"": 4.5, ""sodium"": 850.0}",2026-10-05T17:25:12,2026-10-05T17:25:12
8901000000057,Moong Dal Pack 57,Haldiram's,200g,35g,Snacks,"Moong Dal (Peeled Split Mung Bean), Edible Vegetable Oil, Salt",None,Veg,470.0,20.0,52.0,0.5,20.0,6.0,0.0,6.0,650.0,"{""barcode"": ""8901000000057"", ""product_name"": ""Moong Dal Pack 57"", ""brand"": ""Haldiram's"", ""quantity"": ""200g"", ""serving_size"": ""35g"", ""categories"": ""Snacks"", ""ingredients_text"": ""Moong Dal (Peeled Split Mung Bean), Edible Vegetable Oil, Salt"", ""allergens"": ""None"", ""diet_category"": ""Veg"", ""energyKcal"": 470.0, ""protein"": 20.0, ""carbohydrates"": 52.0, ""sugar"": 0.5, ""fat"": 20.0, ""saturatedFat"": 6.0, ""transFat"": 0.0, ""fiber"": 6.0, ""sodium"": 650.0}",2026-10-05T17:25:12,2026-10-05T17:25:12
8901000000058,Khatta Meetha Pack 58,Haldiram's,200g,30g,Snacks,"Gram Flour, Vegetable Oil, Puffed Rice, Peanuts, Sugar, Salt, Citric Acid",Peanuts,Veg,510.0,8.5,58.0,14.0,26.0,8.0,0.0,3.0,550.0,"{""barcode"": ""8901000000058"", ""product_name"": ""Khatta Meetha Pack 58"", ""brand"": ""Haldiram's"", ""quantity"": ""200g"", ""serving_size"": ""30g"", ""categories"": ""Snacks"", ""ingredients_text"": ""Gram Flour, Vegetable Oil, Puffed Rice, Peanuts, Sugar, Salt, Citric Acid"", ""allergens"": ""Peanuts"", ""diet_category"": ""Veg"", ""energyKcal"": 510.0, ""protein"": 8.5, ""carbohydrates"": 58.0, ""sugar"": 14.0, ""fat"": 26.0, ""saturatedFat"": 8.0, ""transFat"": 0.0, ""fiber"": 3.0, ""sodium"": 550.0}",2026-10-05T17:25:12,2026-10-05T17:25:12
8901000000059,Soan Papdi Pack 59,Haldiram's,250g,30g,Sweets,"Sugar, Refined Palmolein Oil, Bengal Gram Flour, Wheat Flour, Cardamom","Wheat, Gluten, Nuts",Veg,490.0,5.0,65.0,48.0,24.0,15.0,0.0,1.5,50.0,"{""barcode"": ""8901000000059"", ""product_name"": ""Soan Papdi Pack 59"", ""brand"": ""Haldiram's"", ""quantity"": ""250g"", ""serving_size"": ""30g"", ""categories"": ""Sweets"", ""ingredients_text"": ""Sugar, Refined Palmolein Oil, Bengal Gram Flour, Wheat Flour, Cardamom"", ""allergens"": ""Wheat, Gluten, Nuts"", ""diet_category"": ""Veg"", ""energyKcal"": 490.0, ""protein"": 5.0, ""carbohydrates"": 65.0, ""sugar"": 48.0, ""fat"": 24.0, ""saturatedFat"": 15.0, ""transFat"": 0.0, ""fiber"": 1.5, ""sodium"": 50.0}",2026-10-05T17:25:12,2026-10-05T17:25:12
8901000000060,Magic Masala Chips Pack 60,Lay's,50g,30g,Snacks,"Potato, Edible Vegetable Oil, Spices, Condiments, Salt, Onion Powder, Garlic Powder",None,Veg,540.0,7.0,53.0,3.0,33.0,13.0,0.0,3.8,750.0,"{""barcode"": ""8901000000060"", ""product_name"": ""Magic Masala Chips Pack 60"", ""brand"": ""Lay's"", ""quantity"": ""50g"", ""serving_size"": ""30g"", ""categories"": ""Snacks"", ""ingredients_text"": ""Potato, Edible Vegetable Oil, Spices, Condiments, Salt, Onion Powder, Garlic Powder"", ""allergens"": ""None"", ""diet_category"": ""Veg"", ""energyKcal"": 540.0, ""protein"": 7.0, ""carbohydrates"": 53.0, ""sugar"": 3.0, ""fat"": 33.0, ""saturatedFat"": 13.0, ""transFat"": 0.0, ""fiber"": 3.8, ""sodium"": 750.0}",2026-10-05T17:25:12,2026-10-05T17:25:12
8901000000061,American Style Cream & Onion Chips Pack 61,Lay's,50g,30g,Snacks,"Potato, Edible Vegetable Oil, Sugar, Milk Solids, Salt, Onion Powder",Milk Dairy,Veg,544.0,6.8,52.5,2.8,34.0,13.5,0.0,3.5,720.0,"{""barcode"": ""8901000000061"", ""product_name"": ""American Style Cream & Onion Chips Pack 61"", ""brand"": ""Lay's"", ""quantity"": ""50g"", ""serving_size"": ""30g"", ""categories"": ""Snacks"", ""ingredients_text"": ""Potato, Edible Vegetable Oil, Sugar, Milk Solids, Salt, Onion Powder"", ""allergens"": ""Milk Dairy"", ""diet_category"": ""Veg"", ""energyKcal"": 544.0, ""protein"": 6.8, ""carbohydrates"": 52.5, ""sugar"": 2.8, ""fat"": 34.0, ""saturatedFat"": 13.5, ""transFat"": 0.0, ""fiber"": 3.5, ""sodium"": 720.0}",2026-10-05T17:25:12,2026-10-05T17:25:12
8901000000062,Masala Munch Pack 62,Kurkure,90g,30g,Snacks,"Rice Meal, Corn Meal, Gram Meal, Edible Vegetable Oil, Spices, Condiments, Salt",None,Veg,558.0,6.3,56.1,2.0,34.3,15.0,0.0,2.0,880.0,"{""barcode"": ""8901000000062"", ""product_name"": ""Masala Munch Pack 62"", ""brand"": ""Kurkure"", ""quantity"": ""90g"", ""serving_size"": ""30g"", ""categories"": ""Snacks"", ""ingredients_text"": ""Rice Meal, Corn Meal, Gram Meal, Edible Vegetable Oil, Spices, Condiments, Salt"", ""allergens"": ""None"", ""diet_category"": ""Veg"", ""energyKcal"": 558.0, ""protein"": 6.3, ""carbohydrates"": 56.1, ""sugar"": 2.0, ""fat"": 34.3, ""saturatedFat"": 15.0, ""transFat"": 0.0, ""fiber"": 2.0, ""sodium"": 880.0}",2026-10-05T17:25:12,2026-10-05T17:25:12
8901000000063,Green Chutney Style Pack 63,Kurkure,90g,30g,Snacks,"Rice Meal, Corn Meal, Edible Oil, Spices, Mint Powder, Coriander Powder, Salt",None,Veg,550.0,6.5,57.0,2.5,33.0,14.5,0.0,2.1,860.0,"{""barcode"": ""8901000000063"", ""product_name"": ""Green Chutney Style Pack 63"", ""brand"": ""Kurkure"", ""quantity"": ""90g"", ""serving_size"": ""30g"", ""categories"": ""Snacks"", ""ingredients_text"": ""Rice Meal, Corn Meal, Edible Oil, Spices, Mint Powder, Coriander Powder, Salt"", ""allergens"": ""None"", ""diet_category"": ""Veg"", ""energyKcal"": 550.0, ""protein"": 6.5, ""carbohydrates"": 57.0, ""sugar"": 2.5, ""fat"": 33.0, ""saturatedFat"": 14.5, ""transFat"": 0.0, ""fiber"": 2.1, ""sodium"": 860.0}",2026-10-05T17:25:12,2026-10-05T17:25:12
8901000000064,2-Minute Masala Noodles Pack 64,Maggi,70g,70g,Instant Foods,"Wheat Flour, Palm Oil, Salt, Wheat Gluten, Spice Mix (Coriander, Turmeric, Cumin)","Wheat, Gluten, Soy",Veg,427.0,8.0,63.5,1.2,15.7,6.9,0.0,3.6,1050.0,"{""barcode"": ""8901000000064"", ""product_name"": ""2-Minute Masala Noodles Pack 64"", ""brand"": ""Maggi"", ""quantity"": ""70g"", ""serving_size"": ""70g"", ""categories"": ""Instant Foods"", ""ingredients_text"": ""Wheat Flour, Palm Oil, Salt, Wheat Gluten, Spice Mix (Coriander, Turmeric, Cumin)"", ""allergens"": ""Wheat, Gluten, Soy"", ""diet_category"": ""Veg"", ""energyKcal"": 427.0, ""protein"": 8.0, ""carbohydrates"": 63.5, ""sugar"": 1.2, ""fat"": 15.7, ""saturatedFat"": 6.9, ""transFat"": 0.0, ""fiber"": 3.6, ""sodium"": 1050.0}",2026-10-05T17:25:12,2026-10-05T17:25:12
8901000000065,Pasteurised Butter Pack 65,Amul,100g,10g,Dairy,"Butter fat, Common Salt, Permitted Natural Colour",Milk Dairy,Veg,722.0,0.6,0.0,0.0,80.0,51.0,3.0,0.0,0.0,"{""barcode"": ""8901000000065"", ""product_name"": ""Pasteurised Butter Pack 65"", ""brand"": ""Amul"", ""quantity"": ""100g"", ""serving_size"": ""10g"", ""categories"": ""Dairy"", ""ingredients_text"": ""Butter fat, Common Salt, Permitted Natural Colour"", ""allergens"": ""Milk Dairy"", ""diet_category"": ""Veg"", ""energyKcal"": 722.0, ""protein"": 0.6, ""carbohydrates"": 0.0, ""sugar"": 0.0, ""fat"": 80.0, ""saturatedFat"": 51.0, ""transFat"": 3.0, ""fiber"": 0.0, ""sodium"": 0.0}",2026-10-05T17:25:12,2026-10-05T17:25:12
8901000000066,Pure Ghee Pack 66,Amul,1L,15ml,Dairy,Milk Fat,Milk Dairy,Veg,897.0,0.0,0.0,0.0,99.7,68.0,3.5,0.0,0.0,"{""barcode"": ""8901000000066"", ""product_name"": ""Pure Ghee Pack 66"", ""brand"": ""Amul"", ""quantity"": ""1L"", ""serving_size"": ""15ml"", ""categories"": ""Dairy"", ""ingredients_text"": ""Milk Fat"", ""allergens"": ""Milk Dairy"", ""diet_category"": ""Veg"", ""energyKcal"": 897.0, ""protein"": 0.0, ""carbohydrates"": 0.0, ""sugar"": 0.0, ""fat"": 99.7, ""saturatedFat"": 68.0, ""transFat"": 3.5, ""fiber"": 0.0, ""sodium"": 0.0}",2026-10-05T17:25:12,2026-10-05T17:25:12
8901000000067,Good Day Cashew Biscuits Var 67,Britannia,200g,30g,Bakery & Biscuits,"Wheat Flour, Sugar, Vegetable Fat, Cashew Nuts, Milk Solids","Wheat, Nuts, Milk",Veg,495.0,7.0,66.0,22.0,22.5,11.0,0.0,1.8,320.0,"{""barcode"": ""8901000000067"", ""product_name"": ""Good Day Cashew Biscuits Var 67"", ""brand"": ""Britannia"", ""quantity"": ""200g"", ""serving_size"": ""30g"", ""categories"": ""Bakery & Biscuits"", ""ingredients_text"": ""Wheat Flour, Sugar, Vegetable Fat, Cashew Nuts, Milk Solids"", ""allergens"": ""Wheat, Nuts, Milk"", ""diet_category"": ""Veg"", ""energyKcal"": 495.0, ""protein"": 7.0, ""carbohydrates"": 66.0, ""sugar"": 22.0, ""fat"": 22.5, ""saturatedFat"": 11.0, ""transFat"": 0.0, ""fiber"": 1.8, ""sodium"": 320.0}",2026-10-05T17:25:12,2026-10-05T17:25:12
8901000000068,Marie Gold Biscuits Var 68,Britannia,200g,30g,Bakery & Biscuits,"Wheat Flour, Sugar, Refined Palm Oil, Invert Sugar Syrup","Wheat, Gluten",Veg,442.0,8.5,77.0,19.0,10.5,4.8,0.0,2.2,410.0,"{""barcode"": ""8901000000068"", ""product_name"": ""Marie Gold Biscuits Var 68"", ""brand"": ""Britannia"", ""quantity"": ""200g"", ""serving_size"": ""30g"", ""categories"": ""Bakery & Biscuits"", ""ingredients_text"": ""Wheat Flour, Sugar, Refined Palm Oil, Invert Sugar Syrup"", ""allergens"": ""Wheat, Gluten"", ""diet_category"": ""Veg"", ""energyKcal"": 442.0, ""protein"": 8.5, ""carbohydrates"": 77.0, ""sugar"": 19.0, ""fat"": 10.5, ""saturatedFat"": 4.8, ""transFat"": 0.0, ""fiber"": 2.2, ""sodium"": 410.0}",2026-10-05T17:25:12,2026-10-05T17:25:12
8901000000069,Bourbon Chocolate Biscuits Var 69,Britannia,200g,30g,Bakery & Biscuits,"Wheat Flour, Sugar, Palmolein Oil, Cocoa Solids, Caramel Colour","Wheat, Milk, Soy",Veg,486.0,6.0,71.0,34.0,20.0,9.5,0.0,2.0,350.0,"{""barcode"": ""8901000000069"", ""product_name"": ""Bourbon Chocolate Biscuits Var 69"", ""brand"": ""Britannia"", ""quantity"": ""200g"", ""serving_size"": ""30g"", ""categories"": ""Bakery & Biscuits"", ""ingredients_text"": ""Wheat Flour, Sugar, Palmolein Oil, Cocoa Solids, Caramel Colour"", ""allergens"": ""Wheat, Milk, Soy"", ""diet_category"": ""Veg"", ""energyKcal"": 486.0, ""protein"": 6.0, ""carbohydrates"": 71.0, ""sugar"": 34.0, ""fat"": 20.0, ""saturatedFat"": 9.5, ""transFat"": 0.0, ""fiber"": 2.0, ""sodium"": 350.0}",2026-10-05T17:25:12,2026-10-05T17:25:12
8901000000070,Parle-G Gluco Biscuits Var 70,Parle,200g,30g,Bakery & Biscuits,"Wheat Flour, Sugar, Partially Hydrogenated Vegetable Oil, Invert Syrup",Wheat,Veg,454.0,6.5,76.0,26.0,14.0,6.5,0.0,1.5,330.0,"{""barcode"": ""8901000000070"", ""product_name"": ""Parle-G Gluco Biscuits Var 70"", ""brand"": ""Parle"", ""quantity"": ""200g"", ""serving_size"": ""30g"", ""categories"": ""Bakery & Biscuits"", ""ingredients_text"": ""Wheat Flour, Sugar, Partially Hydrogenated Vegetable Oil, Invert Syrup"", ""allergens"": ""Wheat"", ""diet_category"": ""Veg"", ""energyKcal"": 454.0, ""protein"": 6.5, ""carbohydrates"": 76.0, ""sugar"": 26.0, ""fat"": 14.0, ""saturatedFat"": 6.5, ""transFat"": 0.0, ""fiber"": 1.5, ""sodium"": 330.0}",2026-10-05T17:25:12,2026-10-05T17:25:12
8901000000071,Hide & Seek Chocolate Chip Biscuits Var 71,Parle,200g,30g,Bakery & Biscuits,"Wheat Flour, Chocolate Chips, Sugar, Edible Vegetable Oil","Wheat, Soy",Veg,485.0,5.5,72.0,32.0,20.0,10.0,0.0,1.9,290.0,"{""barcode"": ""8901000000071"", ""product_name"": ""Hide & Seek Chocolate Chip Biscuits Var 71"", ""brand"": ""Parle"", ""quantity"": ""200g"", ""serving_size"": ""30g"", ""categories"": ""Bakery & Biscuits"", ""ingredients_text"": ""Wheat Flour, Chocolate Chips, Sugar, Edible Vegetable Oil"", ""allergens"": ""Wheat, Soy"", ""diet_category"": ""Veg"", ""energyKcal"": 485.0, ""protein"": 5.5, ""carbohydrates"": 72.0, ""sugar"": 32.0, ""fat"": 20.0, ""saturatedFat"": 10.0, ""transFat"": 0.0, ""fiber"": 1.9, ""sodium"": 290.0}",2026-10-05T17:25:12,2026-10-05T17:25:12
8901000000072,Ready to Eat Paneer Butter Masala Var 72,MTR,200g,30g,Ready to Eat,"Paneer, Tomato, Onion, Edible Vegetable Oil, Cashew Paste, Spices","Milk, Nuts",Veg,160.0,6.0,9.0,3.5,11.0,5.0,0.0,1.5,520.0,"{""barcode"": ""8901000000072"", ""product_name"": ""Ready to Eat Paneer Butter Masala Var 72"", ""brand"": ""MTR"", ""quantity"": ""200g"", ""serving_size"": ""30g"", ""categories"": ""Ready to Eat"", ""ingredients_text"": ""Paneer, Tomato, Onion, Edible Vegetable Oil, Cashew Paste, Spices"", ""allergens"": ""Milk, Nuts"", ""diet_category"": ""Veg"", ""energyKcal"": 160.0, ""protein"": 6.0, ""carbohydrates"": 9.0, ""sugar"": 3.5, ""fat"": 11.0, ""saturatedFat"": 5.0, ""transFat"": 0.0, ""fiber"": 1.5, ""sodium"": 520.0}",2026-10-05T17:25:12,2026-10-05T17:25:12
8901000000073,Sambar Powder Var 73,MTR,200g,30g,Spices & Masalas,"Coriander, Chilli, Cumin, Fenugreek, Asafoetida, Bengal Gram Dal",None,Veg,310.0,12.0,48.0,1.0,8.0,1.2,0.0,14.0,1100.0,"{""barcode"": ""8901000000073"", ""product_name"": ""Sambar Powder Var 73"", ""brand"": ""MTR"", ""quantity"": ""200g"", ""serving_size"": ""30g"", ""categories"": ""Spices & Masalas"", ""ingredients_text"": ""Coriander, Chilli, Cumin, Fenugreek, Asafoetida, Bengal Gram Dal"", ""allergens"": ""None"", ""diet_category"": ""Veg"", ""energyKcal"": 310.0, ""protein"": 12.0, ""carbohydrates"": 48.0, ""sugar"": 1.0, ""fat"": 8.0, ""saturatedFat"": 1.2, ""transFat"": 0.0, ""fiber"": 14.0, ""sodium"": 1100.0}",2026-10-05T17:25:12,2026-10-05T17:25:12
8901000000074,Poha Instant Mix Var 74,MTR,200g,30g,Breakfast Cereals,"Rice Flakes, Edible Vegetable Oil, Peanuts, Salt, Sugar, Mustard, Curry Leaves","Peanuts, Mustard",Veg,390.0,8.0,75.0,6.0,6.5,2.0,0.0,4.0,980.0,"{""barcode"": ""8901000000074"", ""product_name"": ""Poha Instant Mix Var 74"", ""brand"": ""MTR"", ""quantity"": ""200g"", ""serving_size"": ""30g"", ""categories"": ""Breakfast Cereals"", ""ingredients_text"": ""Rice Flakes, Edible Vegetable Oil, Peanuts, Salt, Sugar, Mustard, Curry Leaves"", ""allergens"": ""Peanuts, Mustard"", ""diet_category"": ""Veg"", ""energyKcal"": 390.0, ""protein"": 8.0, ""carbohydrates"": 75.0, ""sugar"": 6.0, ""fat"": 6.5, ""saturatedFat"": 2.0, ""transFat"": 0.0, ""fiber"": 4.0, ""sodium"": 980.0}",2026-10-05T17:25:12,2026-10-05T17:25:12
8901000000075,Shudh Chakki Atta Var 75,ITC Aashirvaad,200g,30g,Pantry Staples,Whole Wheat Grains,Wheat,Veg,366.0,12.0,73.0,0.0,1.8,0.4,0.0,11.0,5.0,"{""barcode"": ""8901000000075"", ""product_name"": ""Shudh Chakki Atta Var 75"", ""brand"": ""ITC Aashirvaad"", ""quantity"": ""200g"", ""serving_size"": ""30g"", ""categories"": ""Pantry Staples"", ""ingredients_text"": ""Whole Wheat Grains"", ""allergens"": ""Wheat"", ""diet_category"": ""Veg"", ""energyKcal"": 366.0, ""protein"": 12.0, ""carbohydrates"": 73.0, ""sugar"": 0.0, ""fat"": 1.8, ""saturatedFat"": 0.4, ""transFat"": 0.0, ""fiber"": 11.0, ""sodium"": 5.0}",2026-10-05T17:25:12,2026-10-05T17:25:12
8901000000076,Mixed Fruit Jam Var 76,Kissan,200g,30g,Sauces & Condiments,"Sugar, Mixed Fruit Pulp, Thickener (440), Acidity Regulator (330)",None,Veg,282.0,0.4,70.0,68.0,0.0,0.0,0.0,0.8,40.0,"{""barcode"": ""8901000000076"", ""product_name"": ""Mixed Fruit Jam Var 76"", ""brand"": ""Kissan"", ""quantity"": ""200g"", ""serving_size"": ""30g"", ""categories"": ""Sauces & Condiments"", ""ingredients_text"": ""Sugar, Mixed Fruit Pulp, Thickener (440), Acidity Regulator (330)"", ""allergens"": ""None"", ""diet_category"": ""Veg"", ""energyKcal"": 282.0, ""protein"": 0.4, ""carbohydrates"": 70.0, ""sugar"": 68.0, ""fat"": 0.0, ""saturatedFat"": 0.0, ""transFat"": 0.0, ""fiber"": 0.8, ""sodium"": 40.0}",2026-10-05T17:25:12,2026-10-05T17:25:12
8901000000077,Fresh Tomato Ketchup Var 77,Kissan,200g,30g,Sauces & Condiments,"Tomato Paste, Water, Sugar, Salt, Acidity Regulator (260), Spices",None,Veg,120.0,1.2,28.0,26.0,0.0,0.0,0.0,0.5,850.0,"{""barcode"": ""8901000000077"", ""product_name"": ""Fresh Tomato Ketchup Var 77"", ""brand"": ""Kissan"", ""quantity"": ""200g"", ""serving_size"": ""30g"", ""categories"": ""Sauces & Condiments"", ""ingredients_text"": ""Tomato Paste, Water, Sugar, Salt, Acidity Regulator (260), Spices"", ""allergens"": ""None"", ""diet_category"": ""Veg"", ""energyKcal"": 120.0, ""protein"": 1.2, ""carbohydrates"": 28.0, ""sugar"": 26.0, ""fat"": 0.0, ""saturatedFat"": 0.0, ""transFat"": 0.0, ""fiber"": 0.5, ""sodium"": 850.0}",2026-10-05T17:25:12,2026-10-05T17:25:12
8901000000078,Moong Dal Thin Var 78,Tata Sampann,200g,30g,Pantry Staples,Unpolished Moong Dal Grains,None,Veg,348.0,24.0,56.0,0.0,1.2,0.3,0.0,8.0,10.0,"{""barcode"": ""8901000000078"", ""product_name"": ""Moong Dal Thin Var 78"", ""brand"": ""Tata Sampann"", ""quantity"": ""200g"", ""serving_size"": ""30g"", ""categories"": ""Pantry Staples"", ""ingredients_text"": ""Unpolished Moong Dal Grains"", ""allergens"": ""None"", ""diet_category"": ""Veg"", ""energyKcal"": 348.0, ""protein"": 24.0, ""carbohydrates"": 56.0, ""sugar"": 0.0, ""fat"": 1.2, ""saturatedFat"": 0.3, ""transFat"": 0.0, ""fiber"": 8.0, ""sodium"": 10.0}",2026-10-05T17:25:12,2026-10-05T17:25:12
8901000000079,Aamras Mango Juice Var 79,Paper Boat,200g,30g,Beverages,"Mango Pulp, Water, Sugar, Citric Acid, Ascorbic Acid",None,Veg,65.0,0.2,16.0,15.0,0.0,0.0,0.0,0.5,15.0,"{""barcode"": ""8901000000079"", ""product_name"": ""Aamras Mango Juice Var 79"", ""brand"": ""Paper Boat"", ""quantity"": ""200g"", ""serving_size"": ""30g"", ""categories"": ""Beverages"", ""ingredients_text"": ""Mango Pulp, Water, Sugar, Citric Acid, Ascorbic Acid"", ""allergens"": ""None"", ""diet_category"": ""Veg"", ""energyKcal"": 65.0, ""protein"": 0.2, ""carbohydrates"": 16.0, ""sugar"": 15.0, ""fat"": 0.0, ""saturatedFat"": 0.0, ""transFat"": 0.0, ""fiber"": 0.5, ""sodium"": 15.0}",2026-10-05T17:25:12,2026-10-05T17:25:12
8901000000080,Pure Honey Var 80,Dabur,200g,30g,Pantry Staples,100% Pure Honey,None,Veg,320.0,0.0,80.0,80.0,0.0,0.0,0.0,0.0,15.0,"{""barcode"": ""8901000000080"", ""product_name"": ""Pure Honey Var 80"", ""brand"": ""Dabur"", ""quantity"": ""200g"", ""serving_size"": ""30g"", ""categories"": ""Pantry Staples"", ""ingredients_text"": ""100% Pure Honey"", ""allergens"": ""None"", ""diet_category"": ""Veg"", ""energyKcal"": 320.0, ""protein"": 0.0, ""carbohydrates"": 80.0, ""sugar"": 80.0, ""fat"": 0.0, ""saturatedFat"": 0.0, ""transFat"": 0.0, ""fiber"": 0.0, ""sodium"": 15.0}",2026-10-05T17:25:12,2026-10-05T17:25:12
8901000000081,Turmeric Powder Var 81,Catch,200g,30g,Spices & Masalas,Ground Dry Turmeric Roots,None,Veg,350.0,8.0,65.0,3.0,6.0,1.5,0.0,20.0,30.0,"{""barcode"": ""8901000000081"", ""product_name"": ""Turmeric Powder Var 81"", ""brand"": ""Catch"", ""quantity"": ""200g"", ""serving_size"": ""30g"", ""categories"": ""Spices & Masalas"", ""ingredients_text"": ""Ground Dry Turmeric Roots"", ""allergens"": ""None"", ""diet_category"": ""Veg"", ""energyKcal"": 350.0, ""protein"": 8.0, ""carbohydrates"": 65.0, ""sugar"": 3.0, ""fat"": 6.0, ""saturatedFat"": 1.5, ""transFat"": 0.0, ""fiber"": 20.0, ""sodium"": 30.0}",2026-10-05T17:25:12,2026-10-05T17:25:12
8901000000082,Alu Bhujia Pack 82,Haldiram's,150g,30g,Snacks,"Potato, Edible Vegetable Oil, Gram Flour, Moth Flour, Salt, Spices",None,Veg,560.0,9.0,42.0,2.0,38.0,12.0,0.0,4.0,800.0,"{""barcode"": ""8901000000082"", ""product_name"": ""Alu Bhujia Pack 82"", ""brand"": ""Haldiram's"", ""quantity"": ""150g"", ""serving_size"": ""30g"", ""categories"": ""Snacks"", ""ingredients_text"": ""Potato, Edible Vegetable Oil, Gram Flour, Moth Flour, Salt, Spices"", ""allergens"": ""None"", ""diet_category"": ""Veg"", ""energyKcal"": 560.0, ""protein"": 9.0, ""carbohydrates"": 42.0, ""sugar"": 2.0, ""fat"": 38.0, ""saturatedFat"": 12.0, ""transFat"": 0.0, ""fiber"": 4.0, ""sodium"": 800.0}",2026-10-05T17:25:12,2026-10-05T17:25:12
8901000000083,Sev Bhujia Pack 83,Haldiram's,150g,30g,Snacks,"Gram Flour, Edible Vegetable Oil, Salt, Red Chilli Powder, Black Pepper",None,Veg,550.0,10.0,40.0,1.0,36.0,11.0,0.0,4.5,850.0,"{""barcode"": ""8901000000083"", ""product_name"": ""Sev Bhujia Pack 83"", ""brand"": ""Haldiram's"", ""quantity"": ""150g"", ""serving_size"": ""30g"", ""categories"": ""Snacks"", ""ingredients_text"": ""Gram Flour, Edible Vegetable Oil, Salt, Red Chilli Powder, Black Pepper"", ""allergens"": ""None"", ""diet_category"": ""Veg"", ""energyKcal"": 550.0, ""protein"": 10.0, ""carbohydrates"": 40.0, ""sugar"": 1.0, ""fat"": 36.0, ""saturatedFat"": 11.0, ""transFat"": 0.0, ""fiber"": 4.5, ""sodium"": 850.0}",2026-10-05T17:25:12,2026-10-05T17:25:12
8901000000084,Moong Dal Pack 84,Haldiram's,200g,35g,Snacks,"Moong Dal (Peeled Split Mung Bean), Edible Vegetable Oil, Salt",None,Veg,470.0,20.0,52.0,0.5,20.0,6.0,0.0,6.0,650.0,"{""barcode"": ""8901000000084"", ""product_name"": ""Moong Dal Pack 84"", ""brand"": ""Haldiram's"", ""quantity"": ""200g"", ""serving_size"": ""35g"", ""categories"": ""Snacks"", ""ingredients_text"": ""Moong Dal (Peeled Split Mung Bean), Edible Vegetable Oil, Salt"", ""allergens"": ""None"", ""diet_category"": ""Veg"", ""energyKcal"": 470.0, ""protein"": 20.0, ""carbohydrates"": 52.0, ""sugar"": 0.5, ""fat"": 20.0, ""saturatedFat"": 6.0, ""transFat"": 0.0, ""fiber"": 6.0, ""sodium"": 650.0}",2026-10-05T17:25:12,2026-10-05T17:25:12
8901000000085,Khatta Meetha Pack 85,Haldiram's,200g,30g,Snacks,"Gram Flour, Vegetable Oil, Puffed Rice, Peanuts, Sugar, Salt, Citric Acid",Peanuts,Veg,510.0,8.5,58.0,14.0,26.0,8.0,0.0,3.0,550.0,"{""barcode"": ""8901000000085"", ""product_name"": ""Khatta Meetha Pack 85"", ""brand"": ""Haldiram's"", ""quantity"": ""200g"", ""serving_size"": ""30g"", ""categories"": ""Snacks"", ""ingredients_text"": ""Gram Flour, Vegetable Oil, Puffed Rice, Peanuts, Sugar, Salt, Citric Acid"", ""allergens"": ""Peanuts"", ""diet_category"": ""Veg"", ""energyKcal"": 510.0, ""protein"": 8.5, ""carbohydrates"": 58.0, ""sugar"": 14.0, ""fat"": 26.0, ""saturatedFat"": 8.0, ""transFat"": 0.0, ""fiber"": 3.0, ""sodium"": 550.0}",2026-10-05T17:25:12,2026-10-05T17:25:12
8901000000086,Soan Papdi Pack 86,Haldiram's,250g,30g,Sweets,"Sugar, Refined Palmolein Oil, Bengal Gram Flour, Wheat Flour, Cardamom","Wheat, Gluten, Nuts",Veg,490.0,5.0,65.0,48.0,24.0,15.0,0.0,1.5,50.0,"{""barcode"": ""8901000000086"", ""product_name"": ""Soan Papdi Pack 86"", ""brand"": ""Haldiram's"", ""quantity"": ""250g"", ""serving_size"": ""30g"", ""categories"": ""Sweets"", ""ingredients_text"": ""Sugar, Refined Palmolein Oil, Bengal Gram Flour, Wheat Flour, Cardamom"", ""allergens"": ""Wheat, Gluten, Nuts"", ""diet_category"": ""Veg"", ""energyKcal"": 490.0, ""protein"": 5.0, ""carbohydrates"": 65.0, ""sugar"": 48.0, ""fat"": 24.0, ""saturatedFat"": 15.0, ""transFat"": 0.0, ""fiber"": 1.5, ""sodium"": 50.0}",2026-10-05T17:25:12,2026-10-05T17:25:12
8901000000087,Magic Masala Chips Pack 87,Lay's,50g,30g,Snacks,"Potato, Edible Vegetable Oil, Spices, Condiments, Salt, Onion Powder, Garlic Powder",None,Veg,540.0,7.0,53.0,3.0,33.0,13.0,0.0,3.8,750.0,"{""barcode"": ""8901000000087"", ""product_name"": ""Magic Masala Chips Pack 87"", ""brand"": ""Lay's"", ""quantity"": ""50g"", ""serving_size"": ""30g"", ""categories"": ""Snacks"", ""ingredients_text"": ""Potato, Edible Vegetable Oil, Spices, Condiments, Salt, Onion Powder, Garlic Powder"", ""allergens"": ""None"", ""diet_category"": ""Veg"", ""energyKcal"": 540.0, ""protein"": 7.0, ""carbohydrates"": 53.0, ""sugar"": 3.0, ""fat"": 33.0, ""saturatedFat"": 13.0, ""transFat"": 0.0, ""fiber"": 3.8, ""sodium"": 750.0}",2026-10-05T17:25:12,2026-10-05T17:25:12
8901000000088,American Style Cream & Onion Chips Pack 88,Lay's,50g,30g,Snacks,"Potato, Edible Vegetable Oil, Sugar, Milk Solids, Salt, Onion Powder",Milk Dairy,Veg,544.0,6.8,52.5,2.8,34.0,13.5,0.0,3.5,720.0,"{""barcode"": ""8901000000088"", ""product_name"": ""American Style Cream & Onion Chips Pack 88"", ""brand"": ""Lay's"", ""quantity"": ""50g"", ""serving_size"": ""30g"", ""categories"": ""Snacks"", ""ingredients_text"": ""Potato, Edible Vegetable Oil, Sugar, Milk Solids, Salt, Onion Powder"", ""allergens"": ""Milk Dairy"", ""diet_category"": ""Veg"", ""energyKcal"": 544.0, ""protein"": 6.8, ""carbohydrates"": 52.5, ""sugar"": 2.8, ""fat"": 34.0, ""saturatedFat"": 13.5, ""transFat"": 0.0, ""fiber"": 3.5, ""sodium"": 720.0}",2026-10-05T17:25:12,2026-10-05T17:25:12
8901000000089,Masala Munch Pack 89,Kurkure,90g,30g,Snacks,"Rice Meal, Corn Meal, Gram Meal, Edible Vegetable Oil, Spices, Condiments, Salt",None,Veg,558.0,6.3,56.1,2.0,34.3,15.0,0.0,2.0,880.0,"{""barcode"": ""8901000000089"", ""product_name"": ""Masala Munch Pack 89"", ""brand"": ""Kurkure"", ""quantity"": ""90g"", ""serving_size"": ""30g"", ""categories"": ""Snacks"", ""ingredients_text"": ""Rice Meal, Corn Meal, Gram Meal, Edible Vegetable Oil, Spices, Condiments, Salt"", ""allergens"": ""None"", ""diet_category"": ""Veg"", ""energyKcal"": 558.0, ""protein"": 6.3, ""carbohydrates"": 56.1, ""sugar"": 2.0, ""fat"": 34.3, ""saturatedFat"": 15.0, ""transFat"": 0.0, ""fiber"": 2.0, ""sodium"": 880.0}",2026-10-05T17:25:12,2026-10-05T17:25:12
8901000000090,Green Chutney Style Pack 90,Kurkure,90g,30g,Snacks,"Rice Meal, Corn Meal, Edible Oil, Spices, Mint Powder, Coriander Powder, Salt",None,Veg,550.0,6.5,57.0,2.5,33.0,14.5,0.0,2.1,860.0,"{""barcode"": ""8901000000090"", ""product_name"": ""Green Chutney Style Pack 90"", ""brand"": ""Kurkure"", ""quantity"": ""90g"", ""serving_size"": ""30g"", ""categories"": ""Snacks"", ""ingredients_text"": ""Rice Meal, Corn Meal, Edible Oil, Spices, Mint Powder, Coriander Powder, Salt"", ""allergens"": ""None"", ""diet_category"": ""Veg"", ""energyKcal"": 550.0, ""protein"": 6.5, ""carbohydrates"": 57.0, ""sugar"": 2.5, ""fat"": 33.0, ""saturatedFat"": 14.5, ""transFat"": 0.0, ""fiber"": 2.1, ""sodium"": 860.0}",2026-10-05T17:25:12,2026-10-05T17:25:12
8901000000091,2-Minute Masala Noodles Pack 91,Maggi,70g,70g,Instant Foods,"Wheat Flour, Palm Oil, Salt, Wheat Gluten, Spice Mix (Coriander, Turmeric, Cumin)","Wheat, Gluten, Soy",Veg,427.0,8.0,63.5,1.2,15.7,6.9,0.0,3.6,1050.0,"{""barcode"": ""8901000000091"", ""product_name"": ""2-Minute Masala Noodles Pack 91"", ""brand"": ""Maggi"", ""quantity"": ""70g"", ""serving_size"": ""70g"", ""categories"": ""Instant Foods"", ""ingredients_text"": ""Wheat Flour, Palm Oil, Salt, Wheat Gluten, Spice Mix (Coriander, Turmeric, Cumin)"", ""allergens"": ""Wheat, Gluten, Soy"", ""diet_category"": ""Veg"", ""energyKcal"": 427.0, ""protein"": 8.0, ""carbohydrates"": 63.5, ""sugar"": 1.2, ""fat"": 15.7, ""saturatedFat"": 6.9, ""transFat"": 0.0, ""fiber"": 3.6, ""sodium"": 1050.0}",2026-10-05T17:25:12,2026-10-05T17:25:12
8901000000092,Pasteurised Butter Pack 92,Amul,100g,10g,Dairy,"Butter fat, Common Salt, Permitted Natural Colour",Milk Dairy,Veg,722.0,0.6,0.0,0.0,80.0,51.0,3.0,0.0,0.0,"{""barcode"": ""8901000000092"", ""product_name"": ""Pasteurised Butter Pack 92"", ""brand"": ""Amul"", ""quantity"": ""100g"", ""serving_size"": ""10g"", ""categories"": ""Dairy"", ""ingredients_text"": ""Butter fat, Common Salt, Permitted Natural Colour"", ""allergens"": ""Milk Dairy"", ""diet_category"": ""Veg"", ""energyKcal"": 722.0, ""protein"": 0.6, ""carbohydrates"": 0.0, ""sugar"": 0.0, ""fat"": 80.0, ""saturatedFat"": 51.0, ""transFat"": 3.0, ""fiber"": 0.0, ""sodium"": 0.0}",2026-10-05T17:25:12,2026-10-05T17:25:12
8901000000093,Pure Ghee Pack 93,Amul,1L,15ml,Dairy,Milk Fat,Milk Dairy,Veg,897.0,0.0,0.0,0.0,99.7,68.0,3.5,0.0,0.0,"{""barcode"": ""8901000000093"", ""product_name"": ""Pure Ghee Pack 93"", ""brand"": ""Amul"", ""quantity"": ""1L"", ""serving_size"": ""15ml"", ""categories"": ""Dairy"", ""ingredients_text"": ""Milk Fat"", ""allergens"": ""Milk Dairy"", ""diet_category"": ""Veg"", ""energyKcal"": 897.0, ""protein"": 0.0, ""carbohydrates"": 0.0, ""sugar"": 0.0, ""fat"": 99.7, ""saturatedFat"": 68.0, ""transFat"": 3.5, ""fiber"": 0.0, ""sodium"": 0.0}",2026-10-05T17:25:12,2026-10-05T17:25:12
8901000000094,Good Day Cashew Biscuits Var 94,Britannia,200g,30g,Bakery & Biscuits,"Wheat Flour, Sugar, Vegetable Fat, Cashew Nuts, Milk Solids","Wheat, Nuts, Milk",Veg,495.0,7.0,66.0,22.0,22.5,11.0,0.0,1.8,320.0,"{""barcode"": ""8901000000094"", ""product_name"": ""Good Day Cashew Biscuits Var 94"", ""brand"": ""Britannia"", ""quantity"": ""200g"", ""serving_size"": ""30g"", ""categories"": ""Bakery & Biscuits"", ""ingredients_text"": ""Wheat Flour, Sugar, Vegetable Fat, Cashew Nuts, Milk Solids"", ""allergens"": ""Wheat, Nuts, Milk"", ""diet_category"": ""Veg"", ""energyKcal"": 495.0, ""protein"": 7.0, ""carbohydrates"": 66.0, ""sugar"": 22.0, ""fat"": 22.5, ""saturatedFat"": 11.0, ""transFat"": 0.0, ""fiber"": 1.8, ""sodium"": 320.0}",2026-10-05T17:25:12,2026-10-05T17:25:12
8901000000095,Marie Gold Biscuits Var 95,Britannia,200g,30g,Bakery & Biscuits,"Wheat Flour, Sugar, Refined Palm Oil, Invert Sugar Syrup","Wheat, Gluten",Veg,442.0,8.5,77.0,19.0,10.5,4.8,0.0,2.2,410.0,"{""barcode"": ""8901000000095"", ""product_name"": ""Marie Gold Biscuits Var 95"", ""brand"": ""Britannia"", ""quantity"": ""200g"", ""serving_size"": ""30g"", ""categories"": ""Bakery & Biscuits"", ""ingredients_text"": ""Wheat Flour, Sugar, Refined Palm Oil, Invert Sugar Syrup"", ""allergens"": ""Wheat, Gluten"", ""diet_category"": ""Veg"", ""energyKcal"": 442.0, ""protein"": 8.5, ""carbohydrates"": 77.0, ""sugar"": 19.0, ""fat"": 10.5, ""saturatedFat"": 4.8, ""transFat"": 0.0, ""fiber"": 2.2, ""sodium"": 410.0}",2026-10-05T17:25:12,2026-10-05T17:25:12
8901000000096,Bourbon Chocolate Biscuits Var 96,Britannia,200g,30g,Bakery & Biscuits,"Wheat Flour, Sugar, Palmolein Oil, Cocoa Solids, Caramel Colour","Wheat, Milk, Soy",Veg,486.0,6.0,71.0,34.0,20.0,9.5,0.0,2.0,350.0,"{""barcode"": ""8901000000096"", ""product_name"": ""Bourbon Chocolate Biscuits Var 96"", ""brand"": ""Britannia"", ""quantity"": ""200g"", ""serving_size"": ""30g"", ""categories"": ""Bakery & Biscuits"", ""ingredients_text"": ""Wheat Flour, Sugar, Palmolein Oil, Cocoa Solids, Caramel Colour"", ""allergens"": ""Wheat, Milk, Soy"", ""diet_category"": ""Veg"", ""energyKcal"": 486.0, ""protein"": 6.0, ""carbohydrates"": 71.0, ""sugar"": 34.0, ""fat"": 20.0, ""saturatedFat"": 9.5, ""transFat"": 0.0, ""fiber"": 2.0, ""sodium"": 350.0}",2026-10-05T17:25:12,2026-10-05T17:25:12
8901000000097,Parle-G Gluco Biscuits Var 97,Parle,200g,30g,Bakery & Biscuits,"Wheat Flour, Sugar, Partially Hydrogenated Vegetable Oil, Invert Syrup",Wheat,Veg,454.0,6.5,76.0,26.0,14.0,6.5,0.0,1.5,330.0,"{""barcode"": ""8901000000097"", ""product_name"": ""Parle-G Gluco Biscuits Var 97"", ""brand"": ""Parle"", ""quantity"": ""200g"", ""serving_size"": ""30g"", ""categories"": ""Bakery & Biscuits"", ""ingredients_text"": ""Wheat Flour, Sugar, Partially Hydrogenated Vegetable Oil, Invert Syrup"", ""allergens"": ""Wheat"", ""diet_category"": ""Veg"", ""energyKcal"": 454.0, ""protein"": 6.5, ""carbohydrates"": 76.0, ""sugar"": 26.0, ""fat"": 14.0, ""saturatedFat"": 6.5, ""transFat"": 0.0, ""fiber"": 1.5, ""sodium"": 330.0}",2026-10-05T17:25:12,2026-10-05T17:25:12
8901000000098,Hide & Seek Chocolate Chip Biscuits Var 98,Parle,200g,30g,Bakery & Biscuits,"Wheat Flour, Chocolate Chips, Sugar, Edible Vegetable Oil","Wheat, Soy",Veg,485.0,5.5,72.0,32.0,20.0,10.0,0.0,1.9,290.0,"{""barcode"": ""8901000000098"", ""product_name"": ""Hide & Seek Chocolate Chip Biscuits Var 98"", ""brand"": ""Parle"", ""quantity"": ""200g"", ""serving_size"": ""30g"", ""categories"": ""Bakery & Biscuits"", ""ingredients_text"": ""Wheat Flour, Chocolate Chips, Sugar, Edible Vegetable Oil"", ""allergens"": ""Wheat, Soy"", ""diet_category"": ""Veg"", ""energyKcal"": 485.0, ""protein"": 5.5, ""carbohydrates"": 72.0, ""sugar"": 32.0, ""fat"": 20.0, ""saturatedFat"": 10.0, ""transFat"": 0.0, ""fiber"": 1.9, ""sodium"": 290.0}",2026-10-05T17:25:12,2026-10-05T17:25:12
8901000000099,Ready to Eat Paneer Butter Masala Var 99,MTR,200g,30g,Ready to Eat,"Paneer, Tomato, Onion, Edible Vegetable Oil, Cashew Paste, Spices","Milk, Nuts",Veg,160.0,6.0,9.0,3.5,11.0,5.0,0.0,1.5,520.0,"{""barcode"": ""8901000000099"", ""product_name"": ""Ready to Eat Paneer Butter Masala Var 99"", ""brand"": ""MTR"", ""quantity"": ""200g"", ""serving_size"": ""30g"", ""categories"": ""Ready to Eat"", ""ingredients_text"": ""Paneer, Tomato, Onion, Edible Vegetable Oil, Cashew Paste, Spices"", ""allergens"": ""Milk, Nuts"", ""diet_category"": ""Veg"", ""energyKcal"": 160.0, ""protein"": 6.0, ""carbohydrates"": 9.0, ""sugar"": 3.5, ""fat"": 11.0, ""saturatedFat"": 5.0, ""transFat"": 0.0, ""fiber"": 1.5, ""sodium"": 520.0}",2026-10-05T17:25:12,2026-10-05T17:25:12
8901000000100,Sambar Powder Var 100,MTR,200g,30g,Spices & Masalas,"Coriander, Chilli, Cumin, Fenugreek, Asafoetida, Bengal Gram Dal",None,Veg,310.0,12.0,48.0,1.0,8.0,1.2,0.0,14.0,1100.0,"{""barcode"": ""8901000000100"", ""product_name"": ""Sambar Powder Var 100"", ""brand"": ""MTR"", ""quantity"": ""200g"", ""serving_size"": ""30g"", ""categories"": ""Spices & Masalas"", ""ingredients_text"": ""Coriander, Chilli, Cumin, Fenugreek, Asafoetida, Bengal Gram Dal"", ""allergens"": ""None"", ""diet_category"": ""Veg"", ""energyKcal"": 310.0, ""protein"": 12.0, ""carbohydrates"": 48.0, ""sugar"": 1.0, ""fat"": 8.0, ""saturatedFat"": 1.2, ""transFat"": 0.0, ""fiber"": 14.0, ""sodium"": 1100.0}",2026-10-05T17:25:12,2026-10-05T17:25:12
